,Number of Television,"Number of Car, Jeep, Van",Number of Stove with Oven/Gas Range,House Floor Area,House Age,Number of bedrooms,Electricity,Total Number of Family members,Total number of family members employed,Household Head Sex,Household Head Age,Agricultural Household indicator,Total Household Income,All_Food_Expenses,Going_Out_Expenses,Shopping_Expenses,Necessary_Expenses,Miscellaneous_Expenses,total
0,1,0,0,80,75,3,1,4,1,Female,49,0,48.0332,25.6555,0.3,0.4607,11.0949,4.1256,41.6367
1,1,0,0,42,15,2,1,3,2,Male,40,0,19.8235,13.6478,0.332,1.0362,9.279,1.065,25.36
2,0,0,0,35,12,1,0,6,3,Male,39,1,8.2785,14.369,0.4815,0.726,1.5579,0.695,17.8294
3,1,0,0,30,15,1,1,3,2,Male,52,0,10.7589,17.1181,0.676,0.139,2.4498,0.4262,20.8091
4,1,0,0,54,16,3,1,4,2,Male,65,0,18.9322,20.1967,0.744,0.462,4.0358,0.9472,26.3857
5,1,0,0,40,7,2,1,4,3,Male,46,0,15.2883,16.3138,0.018,0.217,2.8421,0.5994,19.9903
6,1,0,0,35,18,1,1,5,1,Male,45,0,19.8621,22.5411,0.812,0.793,3.901,1.2526,29.2997
7,1,0,0,35,48,2,1,5,0,Male,33,1,13.4961,20.5389,0.161,0.4085,4.8041,0.7062,26.6187
8,1,0,0,35,8,1,1,2,0,Female,17,0,17.1152,13.1064,1.055,0.278,2.557,0.701,17.6974
9,1,1,0,70,12,3,1,6,1,Male,53,0,62.5753,32.5369,1.562,0.774,9.3056,1.921,46.0995
10,1,0,0,40,9,2,1,4,1,Male,49,1,14.7005,17.4762,0.3858,0.652,3.1225,0.8634,22.4999
11,1,0,0,35,17,3,1,7,5,Male,35,0,25.313,24.2417,0.54,1.005,2.5231,1.5358,29.8456
12,0,0,0,35,5,1,0,7,2,Male,38,1,10.1111,19.691,0.489,0.614,1.4159,0.5148,22.7247
13,1,0,0,50,43,3,1,3,0,Male,53,1,12.8214,13.9391,0.03,0.2149,5.106,0.713,20.003
14,1,0,0,35,77,1,1,2,0,Male,75,1,9.1525,10.1667,0,0.0395,2.5217,0.2202,12.9481
15,1,0,0,40,35,1,1,4,0,Female,36,0,17.1742,15.4832,0.332,0.5045,2.566,0.631,19.5167
16,1,0,0,50,25,1,1,5,1,Male,67,1,9.5385,18.9565,0.2959,0.2015,2.0962,0.7834,22.3335
17,1,0,0,35,20,1,1,8,1,Male,57,0,14.2843,19.5242,0.2755,0.242,1.9869,1.3364,23.365
18,1,0,0,40,1,2,1,4,3,Female,63,1,8.817,14.8731,0.052,0.361,2.2407,0.5674,18.0942
19,1,0,0,25,7,0,1,5,1,Male,40,1,9.7018,16.5422,0.634,0.206,2.149,0.5268,20.058
20,1,0,0,30,6,1,1,4,2,Male,60,1,12.3015,16.1263,0.703,0.9105,3.741,0.5928,22.0736
21,1,0,0,35,36,1,1,4,2,Male,62,1,10.09,15.0868,0.548,0.281,2.3806,0.4924,18.7888
22,1,0,0,35,22,1,1,6,1,Male,45,0,15.3312,28.3416,1.231,0.754,3.1364,0.7826,34.2456
23,0,0,0,20,7,1,1,5,1,Male,41,0,9.6814,14.6532,0.27,0.4905,1.598,0.6492,17.6609
24,1,0,0,24,45,0,1,3,1,Male,43,1,9.1785,11.506,0.664,0.5216,3.3055,0.5468,16.5439
25,1,0,0,35,16,1,1,3,1,Male,45,1,8.36,12.3245,0.5085,0.338,2.1788,0.593,15.9428
26,0,0,0,25,1,1,1,2,0,Male,61,0,8.433,9.9367,0,0.256,1.7413,0.3384,12.2724
27,1,0,0,32,7,2,1,3,0,Male,45,0,16.483,16.179,0.039,0.392,4.86,0.6506,22.1206
28,0,0,0,30,13,1,0,6,2,Female,58,0,8.7612,19.9849,0.5377,0.414,1.8544,0.6218,23.4128
29,0,0,0,35,1,1,1,6,0,Male,34,1,9.6862,17.4152,0.829,0.792,3.072,0.7304,22.8386
30,0,0,0,30,14,1,0,2,0,Male,67,1,6.5929,12.8029,0,0.246,1.1337,0.249,14.4316
31,0,0,0,25,3,0,0,6,2,Male,34,0,11.4998,18.7803,0.5028,0.5405,1.712,0.8248,22.3604
32,0,0,0,36,13,1,1,2,0,Male,25,0,21.772,17.7339,0.091,0.337,1.6415,0.7072,20.5106
33,0,0,0,30,11,1,1,4,1,Male,29,0,9.865,19.0955,0.104,0.3835,1.8512,0.5712,22.0054
34,1,0,0,30,9,0,1,5,2,Male,53,0,16.9755,23.0762,1.467,0.599,4.534,0.8836,30.5598
35,1,0,0,30,16,1,1,5,4,Female,83,0,14.3785,13.3476,0.159,0.464,2.7232,1.6864,18.3802
36,0,0,0,36,23,2,1,2,0,Female,90,0,10.5805,10.291,0.341,0.173,2.6789,0.5982,14.0821
37,1,0,0,36,18,2,1,6,3,Male,52,1,12.9066,24.5893,0.8816,0.579,4.248,0.8132,31.1111
38,1,0,0,40,43,1,1,4,2,Male,78,0,15.471,19.3617,1.0378,0.4559,2.8706,0.8826,24.6086
39,1,0,0,30,28,0,1,6,2,Female,79,0,20.3675,21.7065,1.8052,0.68,4.053,0.8382,29.0829
40,1,0,0,35,25,2,1,4,1,Female,60,1,18.6475,19.5013,1.833,0.365,3.816,0.8392,26.3545
41,0,0,0,35,17,1,1,4,2,Male,63,1,10.4457,14.5104,1.1416,0.644,4.0196,0.9257,21.2413
42,0,0,0,35,21,1,1,6,2,Male,65,1,11.9492,17.664,0.2187,0.7615,1.6376,0.9408,21.2226
43,1,0,0,80,6,2,1,4,1,Male,48,0,30.4598,19.4383,1.6216,0.224,6.917,4.2906,32.4915
44,1,0,0,200,20,8,1,2,2,Male,54,0,82.4148,18.8686,1.52,1.704,17.6294,7.5746,47.2966
45,1,0,0,40,16,2,1,5,1,Male,41,0,16.979,17.3531,1.691,0.7295,5.698,1.0968,26.5684
46,1,0,0,85,18,4,1,4,1,Male,40,0,13.2275,17.1566,0.991,1.2513,6.1977,1.7732,27.3698
47,1,0,0,35,19,1,1,5,0,Male,29,0,55.9202,20.021,1.18,2.283,6.0268,0.7186,30.2294
48,1,0,0,32,19,2,1,2,1,Male,52,0,11.1495,12.8989,0,0.5195,3.011,0.4132,16.8426
49,1,0,0,209,19,4,1,6,2,Male,49,0,97.7025,26.9974,1.922,1.952,20.3607,5.2458,56.4779
50,1,0,0,200,25,2,1,5,1,Male,65,0,27.25,17.2107,2.5608,0.58,6.7542,2.5326,29.6383
51,2,0,0,102,17,4,1,10,1,Male,75,0,67.7321,48.9418,3.906,1.8235,10.6818,3.5114,68.8645
52,1,1,0,238,15,4,1,2,0,Male,67,0,20.557,13.714,0.3214,0.4145,14.7468,0.2478,29.4445
53,1,0,0,100,25,5,1,3,0,Female,36,0,35.074,19.4385,0.831,0.876,6.5464,1.2686,28.9605
54,1,0,0,96,15,3,1,3,2,Male,53,0,20.649,15.9042,0.219,1.8614,7.1822,1.6778,26.8446
55,0,0,0,36,9,1,1,3,2,Female,35,0,11.302,14.129,0.416,0.961,2.8428,0.6116,18.9604
56,2,0,0,316,16,3,1,7,2,Male,63,0,74.011,34.4148,4.128,1.9775,13.532,6.3254,60.3777
57,1,0,0,50,7,1,1,2,0,Female,69,0,28.1236,11.7461,0.0375,0.12,3.3726,0.49,15.7662
58,0,0,0,63,35,4,1,3,1,Male,28,0,10.0806,12.2817,0.598,0.101,2.2212,0.469,15.6709
59,1,0,1,50,5,5,1,6,2,Male,56,0,41.019,19.7217,0.5524,0.3362,5.192,1.964,27.7663
60,3,1,0,203,16,3,1,4,1,Male,66,0,73.021,33.8485,2.205,1.839,12.8222,5.3186,56.0333
61,0,0,0,48,10,0,0,7,1,Male,37,0,11.3852,19.0885,1.4976,0.276,2.896,0.6894,24.4475
62,1,0,0,40,11,2,1,2,0,Female,21,0,13.2645,10.763,0.412,0.183,3.4766,0.9028,15.7374
63,1,0,0,100,12,3,1,8,2,Female,60,0,30.1423,26.2208,1.7564,0.3933,7.1439,1.7066,37.221
64,1,0,0,54,8,2,1,4,1,Male,41,0,14.3839,15.1582,0.0648,0.48,4.6614,0.7086,21.073
65,1,0,0,36,11,2,1,5,3,Male,45,0,30.124,21.6717,1.7574,0.343,6.2448,2.9466,32.9635
66,0,0,0,36,12,1,1,5,2,Male,37,0,11.741,19.7355,0.461,1.2522,2.2626,0.8508,24.5621
67,1,0,0,30,12,1,1,2,1,Male,51,0,15.2913,13.1906,0.1645,0.645,2.074,0.5406,16.6147
68,0,0,0,30,7,1,1,2,2,Male,51,1,8.6964,13.4607,0.108,0.157,1.6508,0.3018,15.6783
69,1,0,0,50,18,3,1,4,2,Male,26,0,22.6761,19.7587,0.9267,0.3125,4.293,1.697,26.9879
70,1,0,0,48,15,1,1,6,1,Male,38,0,15.3585,21.0603,2.377,1.5075,3.0314,1.497,29.4732
71,0,0,0,35,23,1,1,5,2,Male,38,1,9.6855,16.905,0.5965,0.94,2.179,0.6804,21.3009
72,1,0,0,48,2,3,1,4,3,Male,53,0,26.452,23.5185,0.5315,0.9172,3.0072,2.1402,30.1146
73,0,0,0,63,10,2,1,4,1,Male,68,0,24.1065,19.7686,0.739,0.4284,4.5214,2.5454,28.0028
74,1,0,0,30,17,2,1,7,3,Male,34,1,12.1751,18.9198,1.0398,1.0235,2.368,1.1606,24.5117
75,1,0,0,84,47,4,1,4,3,Male,62,1,13.5071,19.851,0.539,0.9152,2.9894,1.1288,25.4234
76,1,0,0,54,20,2,1,3,2,Male,50,0,23.9836,20.0278,0.8125,0.5435,3.7008,1.1756,26.2602
77,0,0,0,25,26,1,0,1,0,Male,43,1,6.7755,6.6902,0.169,1.0555,1.4922,0.2648,9.6717
78,1,0,0,30,38,2,1,4,2,Male,46,0,14.8088,17.0802,0.647,0.3386,2.0422,0.544,20.652
79,1,0,0,72,25,3,1,7,1,Male,63,0,25.5226,31.4077,2.143,2.262,7.332,1.4356,44.5803
80,1,0,0,40,19,3,1,4,1,Male,64,0,17.5305,18.7804,0.207,0.7856,3.4872,1.164,24.4242
81,1,0,0,42,14,2,1,3,3,Male,60,1,9.8132,15.5726,0.117,0.9245,2.3694,0.8646,19.8481
82,1,0,0,45,14,2,1,2,0,Male,45,0,14.4206,16.1839,0.2005,0.7985,3.3018,0.711,21.1957
83,1,0,0,72,21,3,1,5,2,Male,45,0,12.5505,20.4797,1.578,1.392,3.5836,1.0106,28.0439
84,0,0,0,30,1,1,0,4,1,Male,32,1,6.79,13.4657,0.162,0.5055,1.5182,0.6874,16.3388
85,0,0,0,35,14,2,0,2,2,Male,55,1,8.4369,10.5654,0.051,0.43,1.9957,0.6488,13.6909
86,1,0,0,35,14,1,1,4,1,Male,63,0,12.1743,16.1922,0.341,0.8439,2.2008,0.808,20.3859
87,1,0,0,30,12,1,1,7,1,Male,36,0,16.608,24.0485,0.6459,1.7402,2.7821,0.7226,29.9393
88,1,0,0,70,40,3,1,5,4,Male,42,0,37.2972,34.308,0.8312,2.3948,6.7244,3.31,47.5684
89,1,0,0,40,50,1,1,2,0,Female,65,0,30.0324,16.6312,0,0.145,2.1626,1.6124,20.5512
90,1,0,0,45,4,2,1,6,1,Male,38,0,16.8498,16.6679,0.5506,0.3265,2.576,3.1626,23.2836
91,1,0,0,35,8,1,1,2,0,Female,55,1,6.8425,11.4765,0,0.335,1.428,0.2334,13.4729
92,1,0,0,45,21,3,1,3,2,Male,52,0,15.1545,17.873,0.958,0.378,4.522,0.7104,24.4414
93,1,0,0,20,2,1,1,2,1,Male,72,0,13.8688,14.7115,0,0.175,3.2963,2.1326,20.3154
94,1,0,0,25,2,1,1,4,3,Male,48,1,9.6695,17.0551,0.3525,0.9219,2.5662,0.5886,21.4843
95,1,0,0,60,13,2,1,2,1,Male,62,0,37.9622,18.1917,0.35,0.5455,6.0758,3.0328,28.1958
96,1,0,0,30,4,2,1,5,3,Male,50,1,14.7342,19.4481,0.2314,2.154,1.967,0.6216,24.4221
97,0,0,0,60,70,0,1,6,3,Female,60,0,17.444,22.6908,0.141,0.333,1.3002,0.537,25.002
98,1,0,0,60,39,2,1,2,0,Female,77,0,22.3295,17.4769,0.609,0.369,5.456,0.6432,24.5541
99,1,0,0,40,1,2,1,3,0,Male,65,1,10.6805,15.1874,0.933,0.066,3.0235,0.4206,19.6305
100,0,0,0,30,4,0,0,7,3,Male,50,1,10.1045,22.6638,0.6705,0.2134,1.485,0.3726,25.4053
101,1,0,0,42,10,2,1,4,0,Male,36,1,10.1814,17.0392,0.7775,0.625,1.8586,0.2442,20.5445
102,0,0,0,40,26,2,1,3,0,Male,31,0,10.9955,13.9116,0.3445,0.343,1.8768,0.3838,16.8597
103,1,0,0,50,1,4,1,3,0,Female,83,0,39.11,23.3696,0.36,0.379,4.182,0.5094,28.8
104,1,0,0,35,14,2,1,8,1,Male,65,1,11.1495,19.7051,0.195,0.1055,1.6742,0.5708,22.2506
105,1,0,0,35,5,2,1,6,3,Male,46,0,16.0114,18.4907,0.3966,0.2655,1.883,1.0578,22.0936
106,1,0,0,30,6,0,1,4,0,Male,35,0,14.541,17.6592,0.3823,0.4025,2.0273,0.8056,21.2769
107,0,0,0,35,41,2,1,12,2,Male,38,1,16.608,30.8127,0.5905,0.274,1.575,0.4854,33.7376
108,0,0,0,35,23,0,1,7,2,Male,53,0,14.941,23.9701,1.1495,0.145,1.932,0.3294,27.526
109,1,0,0,30,20,0,1,8,1,Male,43,0,12.3308,21.7056,0.2935,0.359,1.5908,0.4548,24.4037
110,1,0,0,40,2,0,1,6,1,Male,53,0,28.012,25.8861,2.3725,0.166,3.7109,0.4062,32.5417
111,1,0,0,35,67,2,1,8,1,Female,86,1,11.7005,20.3107,0.283,0.2605,1.4656,0.4596,22.7794
112,1,0,0,35,40,2,1,5,0,Male,38,0,11.422,19.0472,0.4125,0.4528,1.5982,0.675,22.1857
113,1,0,0,50,18,2,1,3,0,Male,83,0,29.8126,13.4815,0,0.3775,3.13,0.4482,17.4372
114,1,0,0,100,16,3,1,5,1,Male,38,0,48.5633,27.8492,1.419,1.4972,7.5496,4.1436,42.4586
115,0,0,0,30,15,1,1,4,1,Male,41,0,9.2782,18.1612,0.8857,0.2025,1.6202,0.6048,21.4744
116,1,0,0,30,12,1,1,6,0,Male,64,1,13.6934,19.0101,0.8605,0.159,1.302,0.6732,22.0048
117,0,0,0,25,20,1,1,1,0,Female,79,0,5.0561,4.8311,0,0.04,0.755,0.1032,5.7293
118,0,0,0,24,2,1,1,3,2,Female,69,0,10.9428,12.2488,0,0.206,1.0222,0.424,13.901
119,1,0,0,42,28,1,1,6,1,Male,45,1,13.3765,20.4889,0.8425,0.5575,1.7791,0.6222,24.2902
120,1,0,0,49,13,1,1,2,1,Male,30,0,12.811,14.1744,0.3685,0.455,1.6532,0.5508,17.2019
121,0,0,0,35,7,1,0,6,2,Male,35,0,11.1815,17.2661,0.5706,0.232,1.6284,0.6322,20.3293
122,1,0,0,30,5,1,1,2,1,Female,29,0,9.2715,12.7344,0.1865,0.3035,2.1126,0.523,15.86
123,1,0,0,35,22,1,1,4,2,Male,58,0,14.665,16.0271,0.7467,0.6729,2.7523,0.807,21.006
124,2,0,0,40,11,3,1,3,0,Male,39,0,29.32,22.4066,1.303,1.3995,11.0225,0.7576,36.8892
125,0,0,0,30,3,1,1,3,0,Male,36,0,17.9704,16.2724,0.5959,0.4486,2.0304,0.4588,19.8061
126,1,0,0,30,1,1,1,4,3,Male,56,0,15.262,13.2747,0.629,0.715,1.6444,0.49,16.7531
127,0,0,0,30,23,1,1,3,3,Male,55,1,7.2175,17.2691,0.0504,0.228,1.366,0.5416,19.4551
128,0,0,0,30,2,1,0,4,1,Male,46,0,10.544,11.0138,0.1695,0.212,1.0362,0.453,12.8845
129,1,0,0,50,65,3,1,4,2,Female,85,0,13.0495,16.6008,0.0239,0.292,2.2086,0.558,19.6833
130,1,0,0,48,19,2,1,7,4,Male,46,0,13.0825,20.655,1.274,0.6325,3.7148,0.8924,27.1687
131,1,0,0,49,20,2,1,2,0,Male,71,0,7.7635,8.6869,0,0.056,1.337,0.322,10.4019
132,0,0,0,30,6,1,1,3,2,Male,48,0,11.157,13.1166,0.048,0.235,1.5586,0.469,15.4272
133,1,0,0,50,20,3,1,4,1,Female,35,0,12.116,16.3142,0.113,0.212,3.0664,0.6246,20.3302
134,0,0,0,30,1,1,0,5,2,Male,36,0,9.6125,15.7753,0.934,0.2885,1.5864,0.6304,19.2146
135,1,0,0,40,1,1,1,6,1,Male,41,0,37.9828,18.9539,0.888,0.5959,2.7055,3.1482,26.2915
136,0,0,0,35,30,1,1,8,2,Male,65,1,14.692,17.3813,0.637,0.177,1.5234,0.3378,20.0565
137,1,0,0,40,24,2,1,4,0,Male,56,0,21.47,14.0377,1.11,0.308,4.2096,0.7896,20.4549
138,1,0,0,96,7,3,1,3,0,Male,54,0,23.9598,16.1721,1.3026,0.159,4.821,0.7938,23.2485
139,1,0,0,30,4,0,1,1,0,Female,80,0,6.9635,3.9153,0,0.018,0.996,0.0672,4.9965
140,1,0,0,30,45,2,1,1,0,Female,83,0,11.636,6.9746,0,0.028,1.419,2.6512,11.0728
141,0,0,0,30,1,1,1,4,0,Male,32,0,18.1498,12.9228,0.46,0.26,1.7022,0.5374,15.8824
142,1,0,0,30,11,2,1,3,0,Male,42,0,14.869,16.8026,0.4336,0.267,2.6354,0.5476,20.6862
143,0,0,0,30,21,1,1,3,2,Female,55,1,12.98,11.5092,0.25,0.135,1.4688,0.4096,13.7726
144,0,0,0,48,35,2,1,6,1,Male,35,1,16.34,20.5105,1.001,0.346,2.2148,0.6772,24.7495
145,0,0,0,30,12,1,1,4,2,Male,37,0,7.212,15.4137,0.4372,0.242,2.0026,0.5086,18.6041
146,1,0,0,42,16,1,1,6,2,Male,35,0,25.978,24.5963,2.204,0.454,3.8362,1.08,32.1705
147,1,0,0,30,8,0,1,4,1,Male,30,1,10.4905,8.63,0.478,0.2525,2.807,0.5434,12.7109
148,0,0,0,30,47,0,1,2,0,Male,31,1,6.3825,7.6512,0.03,0.073,1.4434,0.168,9.3656
149,1,0,0,42,9,2,1,7,0,Male,35,0,12.009,19.077,0.5515,0.433,2.7288,0.4356,23.2259
150,0,0,0,40,21,1,1,4,1,Male,46,0,30.1873,11.1679,0.2914,0.7015,5.0163,1.0014,18.1785
151,1,0,0,49,50,2,1,4,0,Male,51,1,11.6643,13.4574,0.3481,0.535,1.905,0.381,16.6265
152,1,0,0,42,64,3,1,5,0,Male,67,0,18.363,17.4487,0.19,0.2955,3.2294,0.6234,21.787
153,1,0,0,42,38,3,1,8,1,Male,72,0,11.5855,15.1703,0.1505,0.285,2.4283,0.7674,18.8015
154,1,0,0,56,21,2,1,5,0,Male,46,1,16.4342,16.897,0.2741,0.1915,3.8856,0.4554,21.7036
155,1,0,0,40,53,1,1,9,4,Male,66,1,15.5626,21.354,0.2871,0.6985,2.212,0.4872,25.0388
156,1,0,0,42,21,1,1,1,1,Female,48,0,6.549,4.9298,0,0.026,1.338,0.2388,6.5326
157,1,0,0,48,46,1,1,10,0,Male,65,1,12.5396,21.2953,0.423,0.227,2.3982,0.7974,25.1409
158,1,0,0,40,28,1,1,4,0,Female,53,1,14.5635,12.8853,0.0611,0.218,2.8512,4.1996,20.2152
159,1,0,0,54,14,3,1,7,0,Male,46,1,18.8475,22.3152,0.0656,0.265,4.4336,0.5928,27.6722
160,0,0,0,36,55,1,1,6,1,Male,50,1,10.742,18.9252,0.0735,0.254,1.769,0.9522,21.9739
161,0,0,0,36,53,1,1,4,1,Male,65,1,11.64,14.0599,0.0135,0.3616,2.4417,0.4356,17.3123
162,1,0,0,72,11,2,1,4,0,Male,67,0,16.4315,15.1167,0.208,0.285,2.3745,0.6858,18.67
163,2,1,0,72,22,4,1,4,1,Male,60,0,49.101,19.4505,0.365,2.0933,4.7274,12.7574,39.3936
164,0,0,0,35,10,2,1,6,1,Male,33,1,11.3905,14.8296,0.192,0.721,1.1766,0.2854,17.2046
165,0,0,0,30,44,2,1,5,0,Female,78,1,6.2255,13.5606,0,0.1045,1.272,0.1854,15.1225
166,1,0,0,35,16,2,1,4,0,Female,49,1,9.8305,7.9952,0,0.2375,1.542,0.3,10.0747
167,1,0,0,35,13,4,1,7,1,Male,46,1,11.7793,10.1677,0.296,0.2255,1.239,0.21,12.1382
168,1,0,0,75,57,3,1,4,0,Male,60,0,32.9067,16.2074,0.182,0.456,3.622,1.1706,21.638
169,0,0,0,30,27,0,1,4,1,Male,70,1,14.858,8.4732,0.065,0.3155,1.8726,0.2286,10.9549
170,1,0,0,70,25,2,1,3,2,Male,70,0,16.4046,9.5873,0,0.259,2.604,0.399,12.8493
171,1,0,0,50,14,2,1,5,2,Male,51,0,31.261,14.7668,0.198,1.2673,2.4208,1.698,20.3509
172,1,0,0,45,16,3,1,2,0,Male,45,0,13.441,20.2685,0.036,0.05,1.9752,0.5888,22.9185
173,1,0,0,54,5,2,1,5,1,Male,50,0,54.1874,15.8867,0.23,0.766,3.5444,4.9034,25.3305
174,1,0,0,50,26,2,1,9,3,Male,53,1,12.5695,22.2704,0.09,0.581,1.9376,0.4638,25.3428
175,0,0,0,35,50,0,1,3,1,Male,75,1,7.848,6.7696,0,0.084,0.929,0.216,7.9986
176,1,0,0,45,8,4,1,7,1,Male,32,0,16.353,14.9618,0.072,0.832,1.8692,0.3786,18.1136
177,1,0,0,40,6,3,1,4,0,Male,41,0,16.248,11.4336,0.386,0.4635,3.0148,0.3216,15.6195
178,1,0,0,40,11,2,1,5,1,Male,39,0,15.1395,14.4918,0.166,0.3965,2.7116,1.33,19.0959
179,1,0,0,40,19,3,1,5,2,Male,48,0,9.5975,10.2766,0.077,0.165,1.9676,0.3802,12.8664
180,1,0,0,25,78,0,1,4,1,Male,78,1,7.7275,7.5923,0.065,0.182,0.9774,0.4352,9.2519
181,1,0,0,35,2,0,1,6,0,Male,31,0,9.637,13.1795,0.169,0.1735,1.685,0.294,15.501
182,2,2,0,150,16,5,1,8,3,Male,81,0,105.1758,41.9132,3.363,2.3702,14.593,7.5348,69.7742
183,0,0,0,35,3,1,1,8,3,Male,52,0,14.365,22.5504,1.5993,0.5795,2.4057,0.907,28.0419
184,1,0,0,30,23,1,1,4,2,Male,43,0,21.1703,25.6634,1.286,1.5438,5.2791,2.0122,35.7845
185,1,0,0,40,65,1,1,2,0,Male,54,0,10.129,16.5325,0.8806,0.2844,3.9548,0.7146,22.3669
186,2,0,0,45,26,2,1,5,1,Male,42,0,38.3617,23.6071,3.854,1.2901,9.2438,4.2908,42.2858
187,0,0,0,30,11,1,1,8,1,Male,68,0,11.9143,22.6452,0.0135,1.3072,1.3116,0.7976,26.0751
188,1,0,0,30,12,1,1,6,1,Male,34,0,11.0848,18.0064,1.7521,0.2637,2.3468,0.9572,23.3262
189,1,0,0,20,17,2,1,6,1,Male,51,0,13.1847,19.677,0.9958,0.442,2.4856,0.9094,24.5098
190,1,0,0,40,6,1,1,2,0,Female,33,0,18.4738,15.1071,0.16,0.4079,5.997,1.3058,22.9778
191,0,0,0,35,9,1,0,6,2,Male,45,0,11.514,19.2271,1.0198,0.763,2.8156,0.9076,24.7331
192,0,0,0,30,12,1,0,7,2,Male,42,0,12.069,21.3504,1.9368,1.461,2.9868,0.7404,28.4754
193,0,0,0,36,5,1,0,4,2,Male,33,1,7.9995,13.0974,0.7092,0.8742,1.4362,0.7854,16.9024
194,1,0,0,30,6,1,1,3,0,Male,42,0,12.1986,16.705,0.6843,0.707,1.9398,1.398,21.4341
195,1,0,0,42,27,2,1,4,1,Male,38,0,13.4555,14.0602,2.6626,0.5671,4.2135,0.7332,22.2366
196,1,0,0,35,8,1,1,6,2,Male,47,0,17.7364,24.5435,3.579,0.8045,6.5132,1.1004,36.5406
197,0,0,0,70,64,2,1,1,0,Female,75,0,4.1138,5.0196,0,0.122,0.7792,0.0528,5.9736
198,0,0,0,30,20,2,1,5,2,Male,56,0,21.2782,24.8234,1.4176,0.4385,3.0424,0.7838,30.5057
199,1,0,0,40,4,2,1,8,3,Male,54,0,24.297,24.2835,0.5766,1.732,3.8618,1.036,31.4899
200,0,0,0,30,1,1,0,4,2,Male,32,0,8.1836,13.6398,0.4641,0.5114,1.1984,0.5804,16.3941
201,0,0,0,35,5,1,0,6,4,Male,56,1,13.3045,20.5359,0.503,0.7724,1.4561,0.8236,24.091
202,1,0,0,40,6,2,1,2,1,Male,31,0,9.2955,12.8077,0.024,0.448,3.8367,0.6806,17.797
203,1,0,0,392,8,4,1,3,1,Male,40,0,24.825,21.0675,1.635,0.897,8.7096,1.2062,33.5153
204,1,0,0,48,8,2,1,4,3,Male,53,1,13.5597,18.3564,0.117,0.326,3.039,0.8902,22.7286
205,1,0,0,35,6,1,1,6,2,Female,46,0,14.1,21.1879,1.4515,0.381,2.1603,0.9222,26.1029
206,1,0,0,30,11,1,1,6,3,Male,39,1,13.2053,20.7612,0.7215,0.392,1.7281,0.7266,24.3294
207,0,0,0,30,13,2,1,5,3,Male,54,0,17.3621,14.1495,0.113,0.148,1.4908,0.8828,16.7841
208,0,0,0,25,16,1,0,2,2,Male,68,1,7.4843,7.9904,0.027,0.051,0.9572,0.2982,9.3238
209,1,0,0,35,5,2,1,2,0,Male,43,0,18.0521,14.9724,0.824,0.263,3.4341,0.7738,20.2673
210,1,0,0,40,6,3,1,7,2,Male,56,0,14.8243,21.6275,0.5505,0.646,3.7218,1.8114,28.3572
211,1,0,0,50,9,2,1,6,2,Male,48,0,21.1154,20.3435,0.4465,1.3435,2.783,1.4772,26.3937
212,1,0,0,40,6,2,1,2,0,Male,78,0,26.9702,5.8092,0,0.028,2.6999,16.4574,24.9945
213,1,0,0,35,11,2,1,9,4,Male,59,0,22.2351,23.1096,0.691,0.297,3.2472,1.0704,28.4152
214,1,0,0,40,8,2,1,1,0,Female,47,0,13.5602,9.6787,0.054,0.095,2.452,0.4612,12.7409
215,1,0,0,50,10,1,1,6,1,Male,59,0,29.5225,22.9843,1.883,0.5755,6.7582,1.9688,34.1698
216,1,0,0,120,12,2,1,4,1,Male,48,1,41.9138,13.9179,0.839,0.2165,6.93,1.1212,23.0246
217,1,0,0,50,34,3,1,4,0,Male,54,0,35.7946,21.6689,0.2788,1.034,4.5756,1.6182,29.1755
218,1,2,0,128,13,3,1,2,1,Male,56,0,53.384,20.8965,2.34,0.761,8.0397,3.2374,35.2746
219,0,0,0,42,38,1,1,2,0,Male,62,1,10.7867,9.3906,0.156,0.469,1.1547,0.2022,11.3725
220,1,0,0,40,14,2,1,2,1,Male,58,1,10.4656,11.1202,0.1074,0.126,3.0564,1.3456,15.7556
221,1,1,0,52,25,4,1,2,0,Female,54,0,14.0329,14.0088,0.03,0.149,3.697,0.5036,18.3884
222,0,0,0,35,31,2,1,3,3,Male,48,1,9.2719,11.9953,0.147,0.2385,1.6,0.297,14.2778
223,0,0,0,35,40,1,1,5,2,Male,65,0,14.4398,17.9108,0.51,0.694,3.4244,1.1642,23.7034
224,0,0,0,40,61,1,1,5,0,Male,87,0,8.7069,13.4487,0.113,0.05,1.2,0.4532,15.2649
225,0,0,0,35,7,1,1,4,2,Male,29,0,12.9628,20.904,10.2505,0.3316,1.1146,0.3768,32.9775
226,1,0,0,52,18,1,1,4,1,Male,56,1,12.014,15.2973,0.2025,0.2075,1.8477,0.552,18.107
227,1,0,0,40,5,3,1,4,0,Female,47,0,43.8261,19.7824,1.2645,1.274,4.9168,1.5494,28.7871
228,1,0,0,60,3,4,1,5,1,Male,39,0,38.3498,14.3899,1.038,0.7995,4.7177,4.0614,25.0065
229,1,0,0,40,2,0,1,13,7,Female,45,0,27.5729,28.4615,0.8312,1.4925,2.5651,0.9874,34.3377
230,1,0,0,64,21,3,1,4,1,Male,45,0,11.7904,14.0423,0.6445,0.4385,1.5132,0.2934,16.9319
231,1,0,0,56,5,3,1,8,5,Male,59,0,21.3286,18.897,0.021,0.6232,2.1848,0.9614,22.6874
232,1,0,0,45,24,2,1,2,1,Male,72,1,10.8801,10.8338,0.06,0.143,1.7382,0.375,13.15
233,0,0,0,50,13,2,1,5,2,Male,54,1,16.6275,15.191,0.3255,0.6455,2.2956,0.3054,18.763
234,1,0,0,40,7,1,1,3,2,Male,35,1,7.2826,12.4543,0.2205,0.4752,1.1855,0.3792,14.7147
235,0,0,0,45,20,1,1,10,3,Male,49,1,12.2335,20.6534,0.629,0.361,2.02,0.6606,24.324
236,1,1,0,60,33,3,1,2,0,Male,56,1,15.6865,11.0768,0.2172,0.016,1.9158,0.405,13.6308
237,1,0,0,40,13,2,1,3,2,Male,58,1,11.7841,12.109,0.22,0.392,2.7527,0.9932,16.4669
238,1,0,0,40,23,2,1,5,2,Male,58,1,10.326,10.339,0.1435,0.5736,2.174,0.526,13.7561
239,1,0,0,25,5,1,1,4,1,Female,60,0,9.5622,10.473,0,0.07,1.38,0.3042,12.2272
240,1,0,0,35,13,1,1,2,0,Male,76,1,11.545,7.5097,0,0.04,1.649,0.1782,9.3769
241,1,0,0,48,30,2,1,3,2,Male,34,0,12.1453,13.5008,0.2375,0.18,2.9885,0.4434,17.3502
242,1,0,0,50,11,2,1,7,2,Male,49,0,20.7425,24.4434,1.1808,0.199,3.696,0.8966,30.4158
243,1,0,0,72,25,3,1,8,0,Female,99,0,16.2723,24.4727,0.398,0.2245,3.381,0.5952,29.0714
244,0,0,0,30,7,1,1,4,1,Male,42,1,9.1835,13.877,0.286,0.806,1.647,0.3018,16.9178
245,1,0,0,35,31,2,1,4,1,Male,28,1,6.522,13.3332,0.0276,0.057,1.129,0.2262,14.773
246,1,0,0,56,28,4,1,6,0,Male,61,0,26.1545,18.2785,0.414,0.192,3.5272,0.3198,22.7315
247,1,0,0,35,11,2,1,5,3,Female,57,0,10.1515,15.7702,0.088,0.169,1.4658,0.3336,17.8266
248,1,0,0,35,36,2,1,5,1,Female,67,1,6.4113,13.4255,0.073,0.2515,1.94,0.318,16.008
249,1,0,0,40,45,1,1,8,0,Male,42,0,12.05,19.0912,0.472,0.124,2.085,0.273,22.0452
250,1,0,0,56,15,2,1,7,0,Male,86,1,9.8429,18.9427,0.585,0.136,1.5944,0.183,21.4411
251,1,0,0,30,10,1,1,1,1,Male,41,1,4.742,5.422,0.0546,0.045,1.0595,0.1638,6.7449
252,1,0,0,42,14,2,1,8,3,Male,34,1,7.6455,20.2648,0.6235,0.177,1.6369,0.2136,22.9158
253,0,0,0,30,9,1,0,2,1,Male,65,1,6.603,9.4034,0,0.114,1.2186,0.1872,10.9232
254,1,0,0,56,29,2,1,6,3,Male,64,1,13.5875,16.5286,0.318,0.141,1.7228,0.3816,19.092
255,1,0,0,42,26,1,1,1,0,Female,75,0,7.2695,6.6764,0,0.026,1.623,0.1338,8.4592
256,2,0,0,120,29,3,1,6,1,Male,67,0,29.4886,20.8419,0.266,0.2955,5.1806,1.0698,27.6538
257,1,0,0,35,13,1,1,1,1,Male,55,1,4.2265,6.2567,0.027,0.02,1.001,0.1158,7.4205
258,1,0,0,35,11,1,1,4,1,Male,25,1,15.9545,6.5021,0.125,0.486,1.3592,0.2352,8.7075
259,1,0,0,35,12,2,1,4,0,Female,59,0,11.0775,13.6114,0.027,0.096,1.1683,0.2832,15.1859
260,0,0,0,35,1,2,1,3,0,Male,76,1,17.4155,12.2484,0.2445,0.077,2.3182,0.2718,15.1599
261,1,0,0,56,9,2,1,4,1,Male,68,0,34.9579,14.3967,0.3665,0.3084,3.038,2.832,20.9416
262,1,0,0,40,26,2,1,2,1,Female,28,0,10.4895,10.026,0.2225,0.125,2.4335,0.405,13.212
263,1,0,0,40,23,2,1,4,2,Male,48,0,15.7759,16.4856,0.869,0.061,3.8714,0.6718,21.9588
264,1,0,0,50,25,4,1,2,0,Male,76,0,10.3545,11.6848,0,0.337,2.4132,0.4938,14.9288
265,1,0,0,35,30,2,1,4,1,Female,63,0,20.8074,19.5306,0.664,0.1,3.746,1.4518,25.4924
266,1,0,0,40,20,2,1,7,2,Male,56,0,16.4464,18.3094,0.1745,0.2385,1.935,0.8754,21.5328
267,0,0,0,45,35,2,1,5,2,Female,75,0,14.5666,18.3806,0.332,0.104,1.784,0.5314,21.132
268,0,0,0,35,29,1,1,5,1,Male,59,0,15.8977,19.9929,0.784,0.2464,3.7046,1.612,26.3399
269,1,0,0,50,11,2,1,4,2,Male,55,0,15.8061,15.0861,0.6236,0.445,3.1832,1.1466,20.4845
270,1,0,0,55,8,2,1,3,0,Male,78,0,16.7888,16.7804,0.739,0.7798,4.845,1.818,24.9622
271,1,0,0,35,33,1,1,5,1,Female,39,1,12.5284,17.4469,0.3685,0.155,2.8205,0.8374,21.6283
272,1,0,0,50,17,2,1,3,3,Female,62,0,18.377,17.6005,0.4865,0.6316,4.4174,1.165,24.301
273,1,0,0,60,34,3,1,7,4,Male,68,0,52.1338,29.4752,1.2412,0.298,8.849,2.329,42.1924
274,0,0,0,40,55,2,1,8,3,Male,54,1,15.7183,20.5333,0.2802,0.2591,1.8134,0.605,23.491
275,1,0,0,96,10,3,1,1,0,Male,49,0,16.2125,9.3769,0.1104,0.098,4.848,0.5138,14.9471
276,0,0,0,40,33,1,1,3,1,Male,66,1,9.4526,14.1049,0.094,0.202,1.6215,0.4916,16.514
277,0,0,0,50,34,1,1,3,0,Female,55,0,15.3195,10.2102,0.027,0.043,2.8587,0.948,14.0869
278,1,0,0,30,11,1,1,4,0,Male,36,0,19.381,18.7885,0.9265,0.7643,3.596,1.3252,25.4005
279,0,0,0,30,35,1,0,7,5,Male,46,0,18.2344,14.0232,0.48,0.064,1.4105,0.4514,16.4291
280,1,0,0,100,48,3,1,1,1,Male,57,0,33.6128,15.9505,1.56,0.0932,6.312,5.3028,29.2185
281,1,0,0,48,9,1,1,5,3,Male,34,0,23.768,16.273,1.0543,0.244,3.4393,0.8158,21.8264
282,0,0,0,35,32,2,1,5,1,Male,84,0,8.2946,10.2655,0.7861,0.536,1.46,0.2944,13.342
283,1,0,0,40,9,2,1,6,3,Female,45,0,18.4632,16.8472,1.588,0.4946,5.5893,1.4648,25.9839
284,1,0,0,35,24,3,1,2,0,Male,66,0,11.5317,14.4097,0.078,0.2248,2.6689,0.6434,18.0248
285,1,0,0,15,35,2,1,2,0,Male,79,1,8.3838,14.2655,0.182,0.149,1.5265,0.1928,16.3158
286,0,0,0,20,15,2,1,1,0,Male,67,0,20.6668,6.9151,0.3824,0.6105,12.4713,3.8384,24.2177
287,1,0,0,50,7,1,1,3,1,Male,35,0,10.0004,11.045,0.499,0.7843,1.8978,0.443,14.6691
288,1,0,0,50,7,2,1,6,1,Male,34,0,8.8411,14.509,0.4124,1.021,1.1578,0.309,17.4092
289,0,0,0,25,6,0,1,6,1,Male,35,0,9.8304,15.8427,0.422,0.2791,1.3393,0.5476,18.4307
290,1,0,0,25,10,1,1,6,2,Male,43,1,13.6952,18.5966,1.1052,0.9824,1.5244,0.8054,23.014
291,0,0,0,40,10,2,1,6,4,Female,50,0,14.447,19.3579,1.829,0.8341,2.1567,0.8502,25.0279
292,1,0,0,30,48,3,1,6,1,Female,81,0,7.9984,11.9045,1.6408,0.6148,2.0353,0.1914,16.3868
293,1,0,0,20,10,1,1,3,2,Male,36,0,9.8648,8.8106,0.4058,0.159,4.2555,0.6076,14.2385
294,1,0,0,20,25,1,1,2,0,Male,58,0,7.126,10.8033,0.1865,0.046,2.1194,0.2096,13.3648
295,1,0,0,20,20,2,1,4,1,Male,42,0,14.0033,15.2251,0.63,0.3451,7.1856,0.577,23.9628
296,2,0,1,120,13,3,1,6,2,Female,62,0,82.1833,29.8724,2.508,1.9449,19.2882,10.665,64.2785
297,1,0,0,20,8,1,1,6,0,Male,42,0,16.3014,14.8793,0.561,0.571,5.2232,0.998,22.2325
298,0,0,0,30,10,1,1,5,1,Male,42,0,8.19,8.7071,0.03,1.1489,3.2522,1.0646,14.2028
299,1,0,0,30,15,2,1,5,1,Male,38,1,4.616,4.6944,0.0225,0.2002,0.6047,0.6408,6.1626
300,0,0,0,45,11,4,1,8,2,Male,52,1,9.033,8.9902,0.072,0.9407,2.2799,0.6862,12.969
301,0,0,0,36,15,1,1,2,0,Female,71,0,3.4935,3.2158,0.015,0.0485,1.4378,0.1104,4.8275
302,1,0,0,154,13,2,1,2,0,Male,38,0,4.5482,4.3451,0.043,0.034,1.8596,0.7482,7.0299
303,0,0,0,24,15,2,1,5,1,Male,42,1,8.0651,8.2566,0.055,0.144,1.9103,1.0264,11.3923
304,1,0,0,38,13,3,1,4,1,Male,41,0,10.9764,11.4544,0.447,0.6727,4.3124,1.0884,17.9749
305,1,0,0,80,14,3,1,5,1,Male,41,0,33.5426,17.0497,0.6586,1.4024,8.805,2.2486,30.1643
306,1,0,1,200,22,4,1,5,1,Male,44,0,38.4167,18.1603,0.195,1.0914,12.3664,2.733,34.5461
307,0,0,0,35,25,2,1,5,1,Male,68,0,12.2035,12.3474,0.14,0.1811,3.0845,0.5074,16.2604
308,1,0,0,120,24,2,1,3,2,Female,53,0,13.515,11.0783,1.508,1.4795,3.2068,1.022,18.2946
309,0,0,0,30,24,1,0,1,0,Male,31,0,7.9815,4.7258,0.312,0.791,1.8952,0.318,8.042
310,1,0,0,70,11,2,1,5,1,Male,60,1,12.7335,9.9915,0,0.3765,3.1671,1.312,14.8471
311,1,0,0,19,7,2,1,2,0,Male,76,0,5.9458,3.7216,0.024,0.1283,3.97,0.5178,8.3617
312,1,0,1,30,33,3,1,5,1,Male,68,0,17.2268,16.0379,0.339,0.4699,3.4174,1.913,22.1772
313,1,0,0,50,45,1,1,4,0,Male,85,0,8.951,6.0965,0.2875,0.1345,6.348,0.1956,13.0621
314,1,0,0,23,15,1,1,5,1,Male,45,0,25.907,15.0626,0.738,0.334,4.7874,1.4726,22.3946
315,0,0,0,30,40,3,1,4,0,Male,62,0,5.6966,9.6675,0.0981,0.4072,1.64,0.4238,12.2366
316,1,0,0,23,7,1,1,4,1,Male,40,0,20.8273,15.3172,1.8835,0.7692,5.1517,1.4938,24.6154
317,0,0,0,12,15,1,0,4,1,Male,67,1,4.0444,5.0271,0.056,0.075,1.3232,0.0804,6.5617
318,0,0,0,20,11,1,0,8,1,Male,57,1,6.1523,9.6119,0.212,0.1411,2.1076,0.1998,12.2724
319,0,0,0,30,16,1,0,8,1,Male,52,1,13.3156,15.2333,0.3678,0.7335,1.5215,0.213,18.0691
320,1,0,0,30,7,2,1,7,1,Male,58,1,14.4686,16.5465,0.411,0.785,4.7188,0.4998,22.9611
321,0,1,0,35,15,1,1,5,0,Male,65,1,30.3605,10.582,0.2556,0.613,2.2129,0.2766,13.9401
322,1,1,0,39,10,3,1,6,2,Male,46,0,35.841,13.8435,2.713,0.9039,9.3715,1.3744,28.2063
323,0,0,0,15,15,1,0,7,2,Male,46,1,7.1898,10.5568,0.1542,0.2249,0.9953,0.701,12.6322
324,0,0,0,20,10,1,1,3,0,Male,54,1,4.817,6.4261,0.097,0.112,1.035,0.096,7.7661
325,0,0,0,13,11,1,0,5,1,Male,41,1,6.8145,11.4422,0.488,0.382,1.3718,0.141,13.825
326,1,0,0,5,4,1,1,1,0,Male,39,0,5.448,5.0655,0.66,0.6705,1.6624,0.2142,8.2726
327,1,0,0,210,12,2,1,2,0,Male,74,0,9.5228,9.5091,0.468,0.4146,2.043,0.303,12.7377
328,0,0,0,18,25,2,1,2,1,Female,62,0,7.692,6.6214,0.5796,0.159,2.1199,0.6084,10.0883
329,1,0,0,15,5,2,1,7,2,Male,52,0,20.0648,19.7081,1.7617,0.6236,8.4404,1.4898,32.0236
330,1,0,0,28,22,3,1,12,1,Male,73,0,12.7332,18.755,0.868,0.2852,3.5711,0.69,24.1693
331,1,0,0,12,38,2,1,7,1,Female,64,0,16.3508,22.5173,0.678,0.1544,5.0938,1.0002,29.4437
332,1,0,0,9,37,1,1,3,1,Female,67,0,13.3016,9.1822,0.387,0.762,2.039,4.6658,17.036
333,1,0,1,17,31,2,1,8,3,Male,49,0,47.8701,22.3143,3.0116,3.5146,13.9535,4.2016,46.9956
334,1,0,0,18,19,2,1,7,3,Male,48,0,13.1699,20.5017,1.754,1.0309,3.4655,0.6446,27.3967
335,0,0,0,12,7,1,1,5,2,Male,53,0,17.6618,15.7789,2.106,0.438,6.8146,1.3632,26.5007
336,1,0,0,15,13,1,1,4,1,Male,41,0,17.3995,13.6464,1.3428,1.4315,4.7777,2.8632,24.0616
337,1,0,0,16,15,2,1,6,1,Male,42,0,23.31,24.032,4.404,1.0086,4.0436,0.771,34.2592
338,1,1,1,40,19,1,1,1,0,Male,54,0,29.7366,15.5051,3.9,0.5599,10.4094,1.7064,32.0808
339,1,0,1,45,17,3,1,4,0,Male,58,0,20.1271,16.7501,0.158,0.6909,6.7013,2.5396,26.8399
340,1,1,1,40,15,2,1,5,3,Male,55,0,87.9038,27.5549,4.8464,1.9815,14.8912,4.9388,54.2128
341,1,0,1,40,20,2,1,7,3,Female,69,0,39.744,31.512,3.1813,1.5828,6.4283,2.6586,45.363
342,1,0,0,40,21,2,1,2,0,Female,18,0,34.2207,12.5388,2.9376,0.5795,19.6392,1.5168,37.2119
343,1,0,0,40,12,2,1,8,4,Male,60,0,71.8238,35.0483,3.2495,1.3625,9.1048,5.2354,54.0005
344,1,0,1,40,20,1,1,3,1,Female,66,0,12.414,11.4932,0.278,0.5555,4.6781,0.3432,17.348
345,2,0,1,40,22,3,1,4,2,Male,43,0,51.19,28.9307,3.685,2.0559,11.5725,3.2682,49.5123
346,2,0,2,45,16,3,1,3,1,Female,39,0,27.5938,19.8419,2.0228,1.0781,13.3278,1.9318,38.2024
347,1,0,1,80,20,3,1,4,2,Male,52,0,110.7119,21.2306,4.9656,1.1886,18.2344,8.4896,54.1088
348,1,0,0,40,13,2,1,3,1,Female,69,0,32.7272,20.8312,2.4496,0.8122,14.1237,1.3118,39.5285
349,1,0,1,40,25,2,1,2,1,Female,60,0,24.28,11.4327,1.538,0.5625,8.4612,1.6174,23.6118
350,1,1,1,80,13,3,1,5,2,Male,44,0,64.7108,29.2672,3.0718,1.64,16.7284,6.9536,57.661
351,1,0,1,80,9,2,1,2,1,Female,42,0,35.2952,17.4562,2.0194,0.9862,8.9204,3.886,33.2682
352,1,0,1,40,15,2,1,2,2,Male,27,0,21.235,11.3882,0.772,0.8427,6.4594,2.4236,21.8859
353,2,2,1,100,10,3,1,5,0,Male,50,0,75.5,29.6788,2.584,1.5816,19.1859,5.1288,58.1591
354,1,0,1,40,15,3,1,6,1,Male,62,0,29.718,25.3073,1.7278,1.0266,9.0338,3.1636,40.2591
355,1,0,1,40,20,2,1,4,1,Male,41,0,24.3548,21.452,1.607,0.5039,6.4957,2.995,33.0536
356,1,0,1,40,10,2,1,5,1,Male,41,0,37.577,20.2716,2.8994,5.6566,13.5618,1.7054,44.0948
357,1,0,0,16,14,1,1,1,1,Male,43,1,5.0722,6.9167,0,0.407,0.945,0.132,8.4007
358,0,0,0,12,8,1,0,1,1,Female,32,1,3.0367,3.0117,0.03,0.2145,1.0526,0.1116,4.4204
359,1,0,0,18,7,2,1,4,2,Male,25,0,15.2834,18.6309,0.4565,0.9628,2.827,0.444,23.3212
360,1,0,0,18,13,2,1,4,0,Male,78,0,9.2243,7.5789,0.3191,0.1825,5.1523,0.4908,13.7236
361,1,0,0,20,15,1,1,5,2,Male,35,1,8.5409,9.2629,0.2884,0.487,2.1886,0.5322,12.7591
362,1,0,0,18,18,2,1,3,1,Female,61,0,6.794,6.3582,0.129,0.1465,2.171,0.4362,9.2409
363,0,0,0,20,6,2,1,6,1,Male,32,0,10.8468,14.89,0.573,0.3678,1.4527,0.5574,17.8409
364,2,0,1,150,15,4,1,6,2,Female,51,0,37.096,17.3384,3.104,0.914,5.5892,2.361,29.3066
365,0,0,0,30,29,1,1,3,1,Female,70,0,9.0946,10.9017,0.374,0.1815,1.5926,0.554,13.6038
366,0,0,0,20,6,1,1,1,0,Female,70,0,2.3253,3.2185,0.0468,0.05,0.9083,0.1596,4.3832
367,1,0,0,40,9,3,1,7,5,Male,59,0,17.2427,25.4861,0.336,0.858,2.1244,1.2728,30.0773
368,0,0,0,38,17,2,1,4,3,Male,59,0,5.9415,7.0185,0.299,0.0449,1.6998,0.1512,9.2134
369,1,0,0,25,10,2,1,4,1,Male,45,0,10.6323,9.3496,0.3395,0.4054,2.2826,1.9196,14.2967
370,1,0,0,20,17,2,1,6,3,Male,55,0,22.1671,23.1213,3.426,1.1693,3.4212,2.9856,34.1234
371,1,0,0,22,12,1,1,6,0,Male,52,0,9.5212,15.3431,0.3932,0.442,2.5194,1.296,19.9937
372,1,0,0,20,5,1,1,4,0,Male,35,0,8.9356,9.7864,0.519,0.682,2.637,1.156,14.7804
373,1,2,0,50,30,3,1,5,3,Male,43,0,157.0874,39.5314,4.4,11.283,28.8648,9.5936,93.6728
374,1,1,1,200,9,4,1,2,0,Female,78,0,96.355,6.116,0.2,0,25.717,1.66,33.693
375,1,0,0,25,47,3,1,2,1,Male,58,0,11.5208,10.3703,0.84,0.3,4.1529,1.094,16.7572
376,2,0,1,90,13,2,1,2,1,Female,39,0,71.4506,23.2821,4.16,2.42,35.6672,7.7618,73.2911
377,0,0,0,22,14,1,0,5,2,Male,49,0,9.2319,13.2268,0.807,0.44,1.7795,0.1404,16.3937
378,2,2,0,80,21,3,1,5,2,Male,56,0,68.1291,20.362,2.62,0.6785,33.943,1.868,59.4715
379,1,1,1,45,23,3,1,4,2,Male,60,0,104.468,28.7982,5.6,4.298,32.4118,8.0124,79.1204
380,1,0,0,60,15,4,1,3,1,Female,65,0,37.95,13.0972,3.05,1.51,19.8956,3.6,41.1528
381,1,0,0,36,16,3,1,7,2,Male,50,0,34.241,21.5637,0.467,2.076,11.8798,3.7084,39.6949
382,1,0,0,42,15,3,1,3,1,Male,62,0,23.4774,13.2562,0.89,0.716,9.5265,2.263,26.6517
383,1,0,0,30,15,3,1,6,2,Male,56,0,31.0538,20.5372,0.688,1.706,10.7372,6.1334,39.8018
384,1,0,0,15,15,0,1,10,4,Male,46,0,13.082,22.1029,1.23,0.279,2.3735,0.534,26.5194
385,1,0,0,80,13,3,1,6,1,Male,40,0,32.3633,24.6098,1.68,1.225,11.9484,4.5144,43.9776
386,1,0,0,25,15,1,1,3,1,Male,79,0,11.226,10.922,0,0.3535,2.433,1.1356,14.8441
387,1,0,0,32,15,2,1,10,0,Male,42,0,38.0868,28.5115,19.6246,2.2505,7.3052,2.3978,60.0896
388,1,1,1,80,5,3,1,4,0,Male,56,0,24.192,11.4562,0.2775,0.8905,7.9388,1.7084,22.2714
389,1,0,0,80,13,2,1,5,3,Male,50,0,10.8593,12.1713,0.562,0.6387,2.967,1.0758,17.4148
390,1,0,0,20,5,1,1,5,2,Male,51,0,16.4268,17.6488,1.88,0.9855,3.0562,1.1814,24.7519
391,0,0,0,80,23,2,1,4,3,Male,48,0,23.0644,14.7042,4.195,0.6564,4.918,1.6206,26.0942
392,1,0,1,56,23,2,1,5,0,Male,50,0,28.7585,26.6309,5.1224,0.8895,11.4718,1.7952,45.9098
393,1,1,1,85,32,4,1,6,0,Female,62,0,29.45,23.1523,2.15,1.7004,11.5912,2.4478,41.0417
394,1,0,1,50,6,2,1,6,1,Male,53,0,14.1098,14.6516,0.3495,0.035,4.2372,0.9576,20.2309
395,0,0,0,32,24,2,0,4,1,Female,46,0,17.628,11.7972,1.928,0.0345,10.7384,0.4032,24.9013
396,0,0,0,30,45,1,0,4,1,Male,75,0,6.7506,8.7838,0.561,0.3785,1.1742,0.2808,11.1783
397,0,0,0,25,13,1,1,2,1,Male,51,0,9.3432,6.111,0.9372,0.9316,2.4987,0.655,11.1335
398,0,0,0,80,35,1,0,1,1,Male,20,0,7.198,2.5695,1.014,1.2825,2.947,0.351,8.164
399,1,0,0,15,4,1,1,5,0,Male,30,0,8.492,11.0381,0.602,0.2015,1.8735,0.7158,14.4309
400,1,0,1,40,9,2,1,3,1,Male,65,0,15.96,18.7608,0.68,0.128,4.4526,0.8994,24.9208
401,1,0,0,21,25,2,1,6,1,Male,55,0,16.2948,15.6354,1.041,2.546,3.5692,1.2258,24.0174
402,0,0,0,29,20,2,1,3,2,Female,68,0,16.8226,19.7353,1.4064,0.6181,3.8016,2.6026,28.164
403,1,0,1,20,26,2,1,2,0,Male,60,0,7.6769,7.0985,0.084,0.02,3.1844,0.7594,11.1463
404,1,0,0,25,4,3,1,4,1,Male,51,0,13.9057,8.3664,1.05,0.08,6.7354,1.0496,17.2814
405,1,0,0,35,17,2,1,9,3,Male,64,0,35.0128,20.7442,0.376,1.4188,4.9997,3.7342,31.2729
406,1,0,0,27,18,2,1,11,4,Male,75,0,27.7911,32.1129,0.598,1.7898,9.2014,1.9964,45.6985
407,1,0,0,15,7,1,1,2,1,Female,59,0,6.8429,8.9959,0.308,0.2345,2.0544,0.4692,12.062
408,1,0,0,22,31,2,1,6,4,Male,63,0,41.943,36.9563,1.027,3.509,15.4946,3.6554,60.6423
409,2,0,1,54,14,2,1,6,3,Male,60,0,29.9196,21.4564,0.788,0.2873,17.02,4.0908,43.6425
410,1,0,0,12,15,0,1,2,1,Male,65,0,8.8893,9.3017,0.45,0.2821,3.8785,1.1598,15.0721
411,1,0,0,12,15,1,1,5,2,Male,43,0,14.8472,17.6225,0.865,0.8249,2.8966,1.4184,23.6274
412,1,0,1,12,9,1,1,4,0,Male,38,0,13.6572,10.968,0.4162,0.2431,4.5004,2.1545,18.2822
413,0,0,0,15,15,1,1,4,1,Male,31,0,11.6682,12.9881,0.282,0.3605,2.3193,0.7032,16.6531
414,0,0,0,30,14,2,1,5,2,Female,74,0,10.9842,12.6015,0.9298,0.6787,1.609,1.191,17.01
415,1,0,0,20,12,2,1,5,2,Male,37,0,18.9194,19.9362,0.428,0.8636,4.9652,2.7718,28.9648
416,1,0,0,20,3,2,1,5,2,Male,49,0,19.3805,21.9675,2.051,0.5365,4.3666,2.2434,31.165
417,1,0,0,40,2,2,1,4,2,Male,58,0,17.6698,13.5962,0.613,0.7707,5.446,1.2812,21.7071
418,1,1,1,35,7,3,1,3,1,Male,67,0,37.106,12.7042,0.479,1.828,8.9848,4.6862,28.6822
419,0,0,0,33,25,2,1,3,1,Male,54,0,21.854,15.3412,1.5405,0.7005,3.1692,2.1484,22.8998
420,1,0,0,40,26,2,1,7,3,Male,54,0,20.6199,23.6128,1.9866,1.2907,5.2079,2.174,34.272
421,1,0,0,29,9,0,1,6,0,Male,39,0,12.2713,15.0184,0.3647,0.6786,3.0286,0.9702,20.0605
422,1,0,0,40,14,2,1,4,1,Male,66,0,16.1963,15.8965,0.648,0.6506,3.6262,1.3164,22.1377
423,0,0,0,22,11,1,0,6,1,Male,33,0,14.1306,18.445,0.982,1.8521,2.8823,0.7114,24.8728
424,0,0,0,25,11,1,0,4,2,Female,63,0,5.9839,7.503,0.355,0.274,0.914,0.2394,9.2854
425,0,0,0,29,15,2,1,5,0,Male,55,1,6.1415,11.0298,0.2545,0.1877,1.8881,0.1746,13.5347
426,1,0,0,50,21,2,1,1,0,Female,59,0,2.9174,3.6424,0,0.058,0.746,0.111,4.5574
427,1,0,0,14,6,2,1,6,1,Male,53,1,9.2399,13.924,0.472,0.1835,1.345,0.2118,16.1363
428,1,0,0,20,6,2,1,5,1,Male,39,0,10.4633,15.8907,0.5058,0.2696,1.6174,0.3,18.5835
429,1,0,0,20,5,3,1,4,2,Female,57,0,11.6683,9.9468,0.8115,0.2935,1.9968,0.8322,13.8808
430,1,0,0,17,22,2,1,5,1,Male,59,0,10.0687,12.5702,0.33,0.437,2.9242,0.4512,16.7126
431,1,0,0,23,37,2,1,2,0,Male,68,0,8.1452,7.2479,0.16,0.218,3.6538,0.2598,11.5395
432,1,0,0,35,8,2,1,8,0,Male,31,0,8.9722,13.5916,0.1404,0.242,2.065,0.4722,16.5112
433,1,0,0,28,15,3,1,6,1,Male,44,0,9.5224,14.4034,0.718,0.11,2.7934,0.2478,18.2726
434,1,0,0,20,10,2,1,5,1,Male,65,0,7.8874,13.559,0.1757,0.1264,1.5259,0.4342,15.8212
435,1,0,0,54,6,2,1,4,1,Male,63,0,21.276,13.8429,0.509,0.458,2.8594,2.2084,19.8777
436,1,0,0,43,5,3,1,7,0,Male,65,0,31.4739,30.4348,1.4355,2.0695,7.8121,0.8712,42.6231
437,1,0,0,17,5,1,1,8,1,Male,44,0,10.1717,17.255,0.7325,0.1554,1.5782,0.4932,20.2143
438,1,0,0,36,7,1,1,9,0,Male,47,0,18.1293,12.7111,0.2739,0.369,1.986,1.1118,16.4518
439,1,0,0,29,10,2,1,4,0,Male,50,0,30.1538,17.9308,3.262,0.0885,4.0658,0.922,26.2691
440,0,0,0,15,5,2,1,5,0,Male,22,0,7.428,11.6288,0.481,0.6151,1.1029,0.1788,14.0066
441,1,0,0,22,8,2,1,5,1,Male,48,0,12.65,15.4605,0.4105,0.1518,2.3064,1.77,20.0992
442,1,0,0,26,3,2,1,3,2,Male,30,0,21.7666,15.4982,2.209,3.9717,4.8848,2.6898,29.2535
443,1,0,0,32,32,2,1,9,3,Female,62,0,20.6211,26.5002,1.2698,1.491,4.0396,1.2,34.5006
444,1,0,0,22,10,2,1,3,2,Male,30,0,16.9742,16.3975,1.214,1.3545,4.6048,1.266,24.8368
445,1,0,0,25,16,2,1,8,1,Male,77,0,13.4277,11.5125,0.716,0.5133,2.6773,0.7156,16.1347
446,1,0,0,30,20,2,1,8,2,Male,32,0,12.9257,15.9643,0.555,0.7367,2.968,1.1132,21.3372
447,1,0,0,25,18,1,1,10,4,Male,58,0,20.9483,25.6135,1.088,0.4806,4.5325,0.7788,32.4934
448,1,0,1,22,47,1,1,3,1,Female,78,0,11.299,9.7581,0.026,0.1194,3.9961,1.5168,15.4164
449,1,1,0,40,15,5,1,6,0,Male,42,0,20.214,20.7364,1.282,1.4788,11.2662,0.8226,35.586
450,0,0,0,15,40,1,1,2,1,Female,78,0,2.9358,3.3729,0.064,0.181,1.1944,0.0384,4.8507
451,1,0,1,30,25,3,1,4,2,Male,36,0,33.5167,23.0403,1.159,1.1078,5.9989,2.9902,34.2962
452,1,0,0,22,35,1,1,6,2,Male,42,0,13.4281,21.5203,0.1668,0.26,2.9192,0.462,25.3283
453,1,0,1,40,37,2,1,8,2,Male,37,0,54.0882,44.2837,2.3444,1.6305,16.1685,3.5666,67.9937
454,1,1,1,45,32,1,1,2,1,Male,59,0,22.4252,8.435,0.2748,0,11.8393,4.0836,24.6327
455,1,0,0,30,40,2,1,2,1,Male,64,0,8.034,10.8912,0.435,0.062,2.1115,0.2172,13.7169
456,1,0,0,18,24,2,1,6,3,Male,47,0,13.883,13.9257,0.808,0.1657,6.1004,0.993,21.9928
457,1,0,1,45,28,3,1,3,0,Female,63,0,22.589,20.5845,0.21,0.2346,11.2309,0.6456,32.9056
458,2,1,1,38,23,1,1,3,1,Male,48,0,45.313,15.4455,1.01,2.344,15.9693,4.7808,39.5496
459,1,0,0,26,5,2,1,4,1,Male,46,0,15.031,14.0519,0.377,0.3213,5.807,1.2564,21.8136
460,4,4,1,200,15,4,1,9,3,Male,53,0,153.89,87.5615,12.1368,18.5102,61.3924,11.415,191.0159
461,1,0,0,54,30,2,1,3,0,Female,64,0,9.7615,7.937,0.108,0.1902,4.5836,0.3282,13.147
462,1,0,0,27,6,2,1,8,3,Male,66,0,11.1876,17.7865,0.402,0.0705,2.5566,0.792,21.6076
463,0,0,0,45,25,1,1,7,0,Male,63,0,22.176,21.7404,0.238,0.5164,15.3182,1.2026,39.0156
464,1,0,0,27,14,2,1,5,2,Male,66,0,17.3848,15.1292,0.322,0.761,5.6472,1.153,23.0124
465,1,0,0,63,15,3,1,6,1,Male,35,0,21.463,19.4443,1.107,0.7888,4.144,1.7154,27.1995
466,0,0,0,14,25,2,1,3,2,Male,33,0,14.611,13.3761,0.059,0.901,2.7087,0.795,17.8398
467,2,0,1,72,5,6,1,4,1,Male,42,0,32.2,24.8859,1.218,1.4746,21.5478,1.9752,51.1015
468,1,0,1,64,6,1,1,2,1,Male,62,0,14.602,7.2598,0.162,0.117,5.7382,1.5474,14.8244
469,1,0,0,32,27,3,1,9,4,Male,54,0,19.4644,21.2107,0.6354,1.015,4.1012,1.2668,28.2291
470,1,0,0,32,8,2,1,7,1,Male,51,0,46.2847,31.0878,1.636,1.3472,15.8908,5.6592,55.621
471,0,0,0,9,18,2,1,2,1,Male,58,0,26.3158,8.8055,0.154,0.5445,5.2092,5.7734,20.4866
472,1,0,0,32,12,2,1,5,2,Male,41,0,19.0305,23.4276,0.59,1.0008,2.9426,2.8484,30.8094
473,1,0,0,14,20,2,1,3,1,Male,57,0,16.1541,18.0266,0.23,0.419,3.1559,1.3432,23.1747
474,1,0,0,140,40,2,1,4,2,Male,35,0,12.3197,8.5554,0.8392,1.1332,2.0355,0.8278,13.3911
475,1,0,1,32,13,3,1,4,2,Male,34,0,38.3454,19.3788,0.9465,1.3865,8.002,4.9008,34.6146
476,0,0,0,20,6,0,1,1,1,Female,57,0,5.9748,6.6291,0.013,0.1208,0.9043,0.4188,8.086
477,0,0,0,20,3,2,1,2,0,Female,60,0,9.0022,9.3973,0.0085,0.2929,1.1471,0.7622,11.608
478,1,0,1,25,28,3,1,9,1,Male,63,0,67.3434,49.1891,1.611,5.019,23.676,11.6252,91.1203
479,1,0,0,17,21,2,1,3,2,Male,47,0,8.697,7.495,0.428,0.9019,1.622,0.7494,11.1963
480,1,0,0,26,31,2,1,2,1,Female,73,0,11.6883,7.4018,0.2815,0.495,3.1363,1.5816,12.8962
481,1,0,0,16,28,2,1,1,0,Female,74,0,2.5584,1.5453,0,0.054,0.9274,0.0672,2.5939
482,2,0,0,10,7,1,1,5,1,Male,45,0,15.1127,18.6751,0.388,0.4678,3.2975,3.376,26.2044
483,1,0,0,30,23,2,1,3,2,Male,57,0,13.0339,13.3129,1.142,1.4876,2.2663,0.8912,19.1
484,1,0,0,26,50,3,1,1,0,Female,74,1,7.0531,7.1736,0.015,0.1595,2.32,0.6576,10.3257
485,0,0,0,12,8,0,1,5,1,Male,43,0,9.3747,10.8286,0.669,0.2975,1.5017,1.663,14.9598
486,1,0,0,32,15,3,1,10,3,Male,61,0,34.121,20.4973,1.1072,0.8961,4.4989,5.2894,32.2889
487,0,0,0,25,8,2,0,6,2,Male,31,0,12.9644,26.212,0.692,1.2819,2.2596,1.1718,31.6173
488,1,0,0,14,9,2,1,5,1,Male,34,0,15.9844,13.5531,0.37,0.4234,3.1603,1.999,19.5058
489,0,0,0,12,9,2,1,1,0,Female,55,0,2.7413,4.2506,0,0.241,0.6588,0.309,5.4594
490,2,1,2,35,15,2,1,3,0,Male,41,0,30.6692,16.2196,2.6455,2.2768,10.9776,1.5162,33.6357
491,0,0,0,100,31,4,1,2,0,Female,80,0,14.5708,13.3433,0.62,0.184,6.9508,0.5178,21.6159
492,1,2,1,98,13,3,1,4,3,Male,57,0,63.743,30.3367,1.7872,2.9262,13.8171,4.5212,53.3884
493,1,0,0,129,25,3,1,5,1,Female,43,0,21.8563,14.0167,0.25,0.348,11.0942,0.9912,26.7001
494,2,1,1,100,15,4,1,4,2,Male,58,0,27.632,11.7998,0.13,0.678,15.9008,2.348,30.8566
495,1,1,2,100,35,2,1,5,2,Male,59,0,72.92,36.9874,1.248,1.7145,27.8604,2.646,70.4563
496,1,0,1,75,15,1,1,7,0,Female,37,0,33.957,29.5748,0.9129,1.0247,13.3643,1.236,46.1127
497,1,1,1,100,24,3,1,3,2,Male,34,0,51.5601,20.5631,0.9,1.4124,10.7688,8.0496,41.6939
498,1,0,0,48,8,2,1,5,2,Male,50,0,30.5992,18.5815,0.6215,2.093,11.1667,0.6144,33.0771
499,1,0,0,77,20,3,1,2,1,Female,76,0,23.6605,14.1872,1.118,0.459,13.5017,0.5796,29.8455
500,1,0,1,120,33,3,1,4,2,Female,69,0,31.2633,15.6756,0.4384,1.1213,11.6874,2.52,31.4427
501,1,0,1,30,33,1,1,6,1,Male,45,0,19.3909,20.2144,0.601,0.5413,7.8294,1.1364,30.3225
502,1,0,0,75,7,4,1,15,5,Male,45,0,39.5092,50.0232,1.843,2.6495,7.6196,1.6164,63.7517
503,0,0,0,18,3,1,0,1,1,Female,54,0,3.98,3.4399,0.169,0.1315,1.1861,0.8532,5.7797
504,0,0,0,70,30,2,1,8,2,Male,51,0,14.58,20.885,1.2488,0.2311,2.6416,1.0388,26.0453
505,1,1,3,80,25,2,1,6,2,Male,62,0,61.291,26.9442,2.261,0.8897,11.9198,1.7448,43.7595
506,1,0,1,95,19,2,1,1,0,Male,27,0,32.018,7.3303,0.6625,1.1814,5.4756,19.5168,34.1666
507,0,0,0,75,48,4,1,10,4,Female,65,0,27.1203,20.0195,0.485,0.5758,5.7464,2.5116,29.3383
508,2,4,1,100,25,3,1,4,1,Male,65,0,50.678,21.6131,1.285,0.348,20.1552,2.9706,46.3719
509,3,0,1,59,20,2,1,5,1,Male,55,0,22.887,18.6074,1.0778,0.319,5.3152,1.1058,26.4252
510,1,1,1,34,6,1,1,5,1,Male,32,0,13.207,18.1093,1.098,0.1952,3.8097,0.4848,23.697
511,1,0,1,54,20,3,1,6,1,Male,41,0,39.8015,33.7393,2.6,0.2355,9.0783,1.3548,47.0079
512,1,0,0,25,20,2,1,6,2,Male,85,0,12.009,16.5387,0.573,0.154,3.4202,1.0842,21.7701
513,1,1,1,63,15,3,1,8,1,Male,50,0,39.9215,44.7151,2.327,0.2495,15.3742,1.3572,64.023
514,1,0,0,30,30,1,1,7,4,Female,56,0,14.1277,17.2952,0.676,0.1645,3.403,2.0696,23.6083
515,1,0,0,31,6,3,1,6,2,Male,70,0,11.6805,16.5032,0.65,0.146,4.33,0.5994,22.2286
516,0,0,0,40,22,3,0,4,0,Female,43,0,23.188,21.2003,1.445,0.3026,7.8792,1.5182,32.3453
517,1,0,0,25,14,1,1,6,1,Male,37,0,9.4918,11.8205,0.975,0.2336,2.6976,0.449,16.1757
518,1,1,0,110,20,2,1,4,0,Male,52,1,15.5025,17.8852,0.6378,0.6836,4.3417,0.9374,24.4857
519,1,0,0,471,23,4,1,4,0,Male,49,1,66.0738,21.608,2.026,1.1305,24.5514,3.4942,52.8101
520,1,0,1,68,15,4,1,4,0,Male,57,0,11.6055,18.1662,0.9135,0.6971,8.1385,1.1704,29.0857
521,1,0,0,180,10,4,1,7,3,Female,53,0,29.5156,23.5714,0.5298,0.6312,8.1209,2.4526,35.3059
522,1,1,1,200,36,3,1,1,1,Male,45,0,42.7976,19.4259,2.986,1.373,16.6402,1.4532,41.8783
523,1,0,1,300,35,5,1,2,1,Female,65,0,24.7002,15.5183,0.489,0.5705,12.4514,1.5856,30.6148
524,1,0,1,100,20,2,1,3,1,Male,22,0,23.4661,19.9947,0.5878,1.1879,8.0744,3.339,33.1838
525,1,0,0,36,36,2,1,2,0,Male,58,0,7.9019,7.5155,0.2568,0.8855,2.1742,0.4356,11.2676
526,0,0,0,40,15,3,1,3,1,Male,39,0,10.0658,10.0009,0.2701,0.3255,3.2454,1.105,14.9469
527,1,0,1,40,25,0,1,2,0,Male,58,0,13.4573,9.8372,0.22,0.1636,5.2144,0.8658,16.301
528,1,0,1,40,10,2,1,7,3,Male,40,0,19.7672,12.7701,4.5453,1.1085,7.2084,0.9882,26.6205
529,2,0,1,40,19,2,1,3,1,Male,62,0,34.419,18.3945,3.8368,1.1646,7.5296,4.0662,34.9917
530,5,0,2,600,40,8,1,17,5,Male,71,0,160.6308,125.5873,3.6448,5.1262,62.2033,12.696,209.2576
531,2,0,1,40,10,2,1,6,0,Male,47,0,27.382,21.7949,1.954,1.162,10.5981,3.2196,38.7286
532,1,0,0,25,15,0,1,1,0,Male,62,0,9.63,3.572,1.7307,0.7025,3.1336,0.4184,9.5572
533,1,0,1,15,20,2,1,7,0,Male,43,1,14.4737,19.2606,0.77,1.4306,2.4247,0.783,24.6689
534,1,0,0,43,19,3,1,2,1,Female,74,0,13.6122,11.8665,0.03,0.245,3.8603,1.212,17.2138
535,1,1,1,36,17,4,1,6,0,Male,56,0,64.626,40.8114,2.4724,2.7464,27.599,3.6664,77.2956
536,0,0,0,19,52,2,1,4,2,Male,51,0,13.6069,14.9711,1.5104,0.779,1.6322,1.2206,20.1133
537,0,0,0,90,24,4,1,4,1,Male,49,0,5.6106,6.5277,0.008,0.406,1.0397,0.327,8.3084
538,1,0,0,15,30,2,1,4,0,Male,48,0,5.7875,11.4387,0.2315,0.057,1.6512,0.621,13.9994
539,1,0,0,32,18,2,1,2,0,Male,46,1,13.0474,10.9265,0.22,0.4565,1.5264,0.85,13.9794
540,1,0,0,22,5,2,1,4,1,Female,69,0,6.8657,8.5365,0.18,0.2439,2.451,0.3552,11.7666
541,1,0,0,34,4,3,1,10,4,Male,55,0,33.5098,26.7629,0.972,1.0965,8.2167,3.3172,40.3653
542,1,0,1,54,10,2,1,4,0,Male,38,0,17.2405,16.9934,0.395,0.255,5.7074,3.3112,26.662
543,1,0,0,32,19,2,1,3,0,Male,64,1,7.282,17.0728,0.171,0.211,1.1218,0.189,18.7656
544,1,0,0,28,14,1,1,5,2,Male,43,1,10.9883,16.0916,0.8214,0.1495,1.9348,0.3984,19.3957
545,0,0,0,15,15,2,1,4,1,Female,47,1,5.121,8.3184,0.23,0.077,0.8025,0.2718,9.6997
546,1,0,0,28,17,2,1,6,1,Male,31,0,11.996,13.0758,0.733,0.8766,2.508,0.9596,18.153
547,0,0,0,9,15,2,1,1,1,Male,32,0,14.97,10.1239,0.802,0.3412,6.1414,0.7242,18.1327
548,1,0,1,20,21,2,1,4,0,Male,34,0,54.417,24.7892,1.769,2.63,14.9307,4.8748,48.9937
549,2,0,0,16,21,4,1,6,0,Female,64,0,28.1201,17.9805,1.615,0.5256,11.2309,1.8012,33.1532
550,2,1,1,40,5,4,1,5,4,Male,63,0,179.673,34.4666,3.305,2.912,30.2558,9.8782,80.8176
551,1,0,0,13,9,1,1,5,1,Male,49,0,13.5124,16.2324,1.507,0.6864,3.222,1.043,22.6908
552,0,0,1,43,13,3,1,3,1,Male,54,0,20.5266,14.6305,0.9,0.298,8.8438,1.5042,26.1765
553,1,0,0,11,23,1,1,1,1,Female,58,0,18.655,10.242,3.431,0.751,5.1368,2.6408,22.2016
554,1,0,0,11,5,0,1,7,1,Male,43,0,9.2556,11.6853,0.4075,0.457,2.1044,0.2802,14.9344
555,1,0,0,11,24,3,1,6,3,Male,34,0,17.1251,13.0654,0.4369,0.5475,2.4604,0.5844,17.0946
556,0,0,0,16,5,1,0,4,2,Male,31,0,5.7769,7.7157,0.218,0.5367,1.099,0.2052,9.7746
557,0,0,0,32,15,2,1,4,2,Female,76,0,15.0384,11.0084,2.5702,1.7285,4.6383,1.4584,21.4038
558,2,0,1,30,29,3,1,7,2,Male,62,0,84.824,35.2229,2.5736,3.3896,46.015,5.3069,92.508
559,1,0,0,41,5,2,1,3,1,Male,66,0,7.1852,9.8198,0.072,0,2.3466,0.2742,12.5126
560,2,1,1,32,15,3,1,2,2,Male,42,0,56.8492,20.1977,1.446,2.0535,18.2882,5.3394,47.3248
561,0,0,0,30,6,0,1,5,2,Male,31,0,10.1922,12.2403,0.215,0.0655,3.1099,1.032,16.6627
562,0,0,0,25,21,2,1,2,0,Male,89,0,9.747,10.5779,0.225,0.4071,3.263,0.5064,14.9794
563,1,0,0,30,21,2,1,10,4,Female,63,0,16.941,21.969,2.179,0.2899,3.3414,1.4784,29.2577
564,1,1,1,120,5,3,1,2,0,Male,60,0,34.678,12.8702,1.4888,0.1699,11.5511,1.0537,27.1337
565,1,0,1,90,10,3,1,5,0,Male,51,0,53.76,22.7624,0.192,0.019,27.1046,2.5069,52.5849
566,0,0,0,30,18,1,1,2,1,Male,58,0,9.6151,9.4606,0.884,0.625,3.0035,0.8202,14.7933
567,1,0,0,12,5,1,1,3,1,Male,24,0,10.17,11.1083,0.096,0.297,2.3302,0.9252,14.7567
568,1,1,1,60,6,3,1,4,1,Male,38,0,37.8401,21.3291,1.132,0.588,8.1247,4.5824,35.7562
569,0,0,1,50,15,1,1,4,2,Male,33,0,22.9075,17.7611,1.594,0.785,6.2229,2.4884,28.8514
570,0,0,0,20,3,1,1,3,0,Female,71,0,10.2715,12.8987,1.012,0.103,2.9825,0.4026,17.3988
571,1,0,0,35,15,2,1,6,1,Female,64,0,16.4841,16.5789,0.0882,0.1086,4.3898,2.2101,23.3756
572,1,0,0,13,18,0,1,2,0,Male,67,0,8.5745,10.7858,0.015,0.2751,2.7542,0.1899,14.02
573,1,0,1,14,5,1,1,5,0,Female,41,0,30.9092,18.4566,1.2068,0.4965,15.5814,1.2072,36.9485
574,1,0,0,17,29,3,1,4,2,Female,74,0,17.6883,14.533,0.36,0.616,4.4559,4.4412,24.4061
575,0,0,0,12,5,1,0,2,0,Male,46,1,16.1185,7.8884,0.121,0.277,1.5951,0.5934,10.4749
576,0,0,0,15,5,0,0,1,0,Female,67,0,4.0226,6.1973,0.058,0.2408,0.8176,0.1128,7.4265
577,2,2,1,65,6,3,1,7,2,Male,38,0,69.019,28.8381,3.472,1.457,20.2781,10.6699,64.7151
578,1,0,0,40,18,1,1,4,2,Male,60,0,9.0844,8.5353,0.2,0.0205,3.4158,0.4716,12.6432
579,1,0,1,36,28,2,1,3,1,Female,61,1,37.1698,8.2779,0.0688,0.52,5.013,1.766,15.6457
580,1,0,0,80,15,1,1,4,1,Male,35,1,11.9461,14.316,0.46,0.4195,2.5012,0.6426,18.3393
581,1,0,0,150,25,2,1,4,0,Male,60,0,7.904,11.3861,1.512,0.1225,2.5799,0.3936,15.9941
582,1,0,0,32,23,3,1,5,0,Male,63,0,20.7993,16.0613,0.1565,0.433,12.8534,0.5716,30.0758
583,1,0,0,100,14,2,1,14,2,Male,49,0,20.5627,30.3639,3.1535,0.7414,4.0325,0.3114,38.6027
584,1,0,0,24,5,3,1,7,1,Male,44,0,13.3779,14.9477,0.6926,0.4038,3.7105,0.8082,20.5628
585,1,0,0,75,23,2,1,8,0,Male,55,1,21.4563,35.3392,1.5689,1.0706,2.9293,3.0132,43.9212
586,1,0,0,15,9,2,1,1,1,Female,51,0,8.9888,12.1578,0.0702,0.3396,1.1208,2.2348,15.9232
587,0,0,0,18,6,1,0,1,1,Male,22,0,8.4693,6.1427,2.835,0.7103,1.0922,0.5808,11.361
588,2,0,0,15,25,1,1,1,0,Female,59,1,16.2774,8.5961,0.096,0.2346,1.1053,1.3472,11.3792
589,0,0,0,25,10,2,1,9,5,Female,41,1,16.7506,20.3337,0.5474,3.1236,1.9412,1.1864,27.1323
590,0,0,0,17,5,1,0,2,1,Female,58,1,6.7502,11.4372,0.168,0.9515,1.1068,0.3996,14.0631
591,0,0,0,38,93,2,1,4,1,Male,72,0,11.8228,32.3942,0.5748,0.1523,1.8183,0.3298,35.2694
592,0,0,0,19,3,2,0,3,3,Male,72,1,8.542,12.9104,0.1897,0.3135,0.9761,0.534,14.9237
593,1,0,0,21,6,2,1,7,3,Male,54,0,14.5195,17.12,0.36,2.0264,2.1859,1.4024,23.0947
594,1,0,0,43,8,2,1,4,3,Male,53,0,58.3168,33.7184,5.336,1.7358,11.0202,7.7768,59.5872
595,0,0,0,20,11,2,1,12,4,Male,54,0,13.181,20.8665,1.031,0.9525,2.9,2.3934,28.1434
596,1,0,1,100,9,1,1,4,1,Male,36,0,39.0226,29.0936,2.847,0.601,7.8059,3.4696,43.8171
597,0,0,0,19,5,1,1,4,1,Female,71,0,9.9078,12.0287,0.8188,0.277,1.6318,0.488,15.2443
598,1,0,0,12,15,1,1,5,0,Male,44,0,13.178,11.9497,0.065,0.1139,1.9527,0.5166,14.5979
599,1,0,1,36,14,1,1,5,2,Male,42,0,27.6776,16.4689,1.2735,1.947,4.4786,11.012,35.18
600,1,0,0,44,11,2,1,6,2,Male,50,0,17.58,21.1417,2.0487,0.5267,4.3815,1.3054,29.404
601,0,0,0,19,1,1,0,6,1,Male,53,1,10.8313,13.6476,0.198,1.8505,0.977,0.8068,17.4799
602,1,0,0,40,7,3,1,8,4,Male,54,1,19.524,17.039,1.5,0.019,5.4654,2.3168,26.3402
603,1,0,0,12,10,2,1,3,1,Male,58,0,12.3955,11.8907,0.728,0.3804,2.5458,1.3882,16.9331
604,1,0,0,20,3,2,1,4,1,Male,35,0,11.892,14.8085,0.9204,0.9126,2.2827,0.8236,19.7478
605,1,0,0,80,15,2,1,4,2,Male,62,0,20.3275,17.3943,1.31,1.0277,3.8588,1.941,25.5318
606,1,0,1,65,5,3,1,4,1,Male,42,0,17.7839,15.6935,0.682,1.0779,7.2113,1.6578,26.3225
607,0,0,0,23,5,1,0,5,3,Male,56,1,5.2479,5.9629,0.0706,0.5342,1.1057,0.0828,7.7562
608,1,0,0,20,21,1,1,4,1,Male,51,0,12.5948,7.921,0.424,0.0123,1.7052,0.3708,10.4333
609,2,1,0,54,25,3,1,3,1,Male,49,1,40.0862,14.9199,0.2928,0.6864,16.7853,3.6247,36.3091
610,1,0,0,32,5,3,1,4,2,Female,57,0,11.3693,12.4117,0.394,0.057,1.9723,0.4842,15.3192
611,0,0,0,32,5,3,1,4,1,Male,23,0,8.0541,10.1584,0,0.0858,1.3076,0.3276,11.8794
612,1,0,0,36,35,2,1,4,1,Female,42,0,7.8238,7.6438,0.236,0,2.5415,0.4395,10.8608
613,1,0,0,20,5,3,1,3,2,Male,74,0,19.6975,14.1304,1.446,0.1885,10.6534,0.6768,27.0951
614,1,0,0,130,16,3,1,3,0,Male,58,0,17.641,13.7588,0,0.3225,9.0128,1.8714,24.9655
615,1,0,0,70,20,3,1,3,1,Female,58,0,65.45,18.0979,1.36,0.643,9.9352,4.3112,34.3473
616,1,0,0,14,2,4,1,7,4,Male,55,0,44.5855,36.6183,0.8558,2.5181,17.981,2.6202,60.5934
617,1,0,0,400,16,3,1,2,1,Male,53,0,15.236,6.7877,3.57,0.7095,8.3238,0.309,19.7
618,1,0,1,36,5,2,1,4,1,Male,37,0,56.705,19.1376,1.938,1.2924,15.7068,6.5092,44.584
619,1,0,0,20,3,3,1,5,0,Male,57,0,32.0311,22.2749,4.902,0.715,13.5403,1.0458,42.478
620,1,1,1,45,17,2,1,5,3,Male,48,0,59.8948,26.429,7.036,3.2015,16.3724,5.289,58.3279
621,1,0,0,45,40,3,1,8,3,Female,59,0,23.6626,22.5483,2.5855,1.4833,6.1063,2.985,35.7084
622,0,0,0,32,32,2,1,4,1,Male,31,0,12.9798,12.5531,0.1546,0.3215,2.918,1.5258,17.473
623,0,0,0,19,4,1,1,3,1,Male,24,0,11.029,9.9544,0.619,0.1993,2.4305,0.6392,13.8424
624,1,0,1,15,5,1,1,2,1,Male,56,0,15.5173,8.3682,0,0.3981,8.9588,1.4232,19.1483
625,1,0,1,36,5,2,1,10,3,Female,72,0,19.1806,26.7871,0.391,1.0361,8.4524,1.4622,38.1288
626,1,0,0,27,15,2,1,7,1,Male,37,0,10.6268,14.0279,0.3348,0.6196,4.333,0.7068,20.0221
627,0,0,0,18,25,2,1,1,1,Male,55,1,2.7795,3.2037,0.2288,0.543,0.4879,0.0324,4.4958
628,1,0,0,43,19,3,1,4,1,Male,54,0,17.7473,16.0794,2.42,7.4081,4.7024,0.5376,31.1475
629,1,0,0,37,17,4,1,7,0,Male,68,0,15.3353,18.2015,0.327,0.64,4.0736,0.4812,23.7233
630,0,0,0,19,52,2,1,8,2,Male,55,0,10.7023,13.6891,0.266,1.2695,1.2721,1.3204,17.8171
631,0,0,0,90,24,4,0,6,1,Male,55,0,6.3064,10.4905,0.878,0.117,2.1647,0.2712,13.9214
632,1,0,0,17,30,2,1,4,0,Male,32,0,5.464,6.5833,0.191,0.144,0.5912,0.264,7.7735
633,0,0,0,15,30,2,0,6,0,Male,46,1,4.8905,6.9118,0.2895,0.129,1.4621,0.1524,8.9448
634,1,0,0,32,18,2,1,7,0,Male,41,0,11.3531,19.8364,0.0435,0.53,1.642,0.3072,22.3591
635,1,0,0,34,4,2,1,5,0,Male,56,0,12.272,14.0454,0.4584,0.168,3.2602,0.5364,18.4684
636,1,0,0,22,12,2,1,3,0,Male,43,1,5.0065,9.243,0.14,0.2355,0.6812,0.4866,10.7863
637,1,0,0,54,25,2,1,3,1,Male,56,0,4.6709,7.4333,0.02,0.1555,0.8877,0.3144,8.8109
638,0,0,0,10,3,1,0,1,0,Male,79,0,1.4691,1.8978,0.0884,0.0846,0.3204,0.0204,2.4116
639,1,0,0,50,5,2,1,7,1,Male,52,0,10.8395,18.1743,0.048,0.218,2.2052,1.0934,21.7389
640,1,0,0,34,45,2,1,3,0,Male,63,0,11.1439,11.0744,0.234,0.5645,3.0327,0.4506,15.3562
641,1,0,0,29,17,2,1,7,3,Male,51,1,5.8798,7.5148,0.1068,0.0325,1.3075,0.4464,9.408
642,1,0,0,36,10,2,1,6,2,Male,43,0,8.3747,11.443,1.08,0.1735,1.4196,0.6512,14.7673
643,1,0,0,20,6,2,1,3,1,Female,68,0,7.774,7.3435,0.135,0.5895,1.6092,0.9402,10.6174
644,0,0,0,20,44,1,1,5,1,Male,42,1,5.4381,9.7304,0.186,0.5225,1.2108,0.5446,12.1943
645,1,0,0,25,9,3,1,3,3,Female,51,0,16.7412,14.7914,0.1414,1.1931,3.804,0.5142,20.4441
646,1,0,0,18,5,2,1,5,1,Male,55,1,6.8465,10.9481,0.441,0.7965,1.3859,0.3762,13.9477
647,1,0,0,15,10,2,1,6,1,Male,34,1,7.2861,11.7114,0.524,0.16,1.4962,0.1524,14.044
648,0,0,0,25,20,3,1,3,1,Male,77,1,5.2245,6.7804,0.057,0.3465,1.037,0.8764,9.0973
649,0,0,0,10,16,1,1,1,0,Male,68,1,2.3855,3.2656,0,0.16,0.5834,0.1248,4.1338
650,1,0,0,18,5,2,1,5,1,Male,46,0,10.1256,13.4888,0.324,0.8062,2.103,0.5934,17.3154
651,1,0,0,50,6,2,1,1,0,Female,66,0,3.0294,3.7736,0,0.02,1.0629,0.1716,5.0281
652,0,0,0,15,15,1,1,1,0,Female,96,0,2.0688,3.4573,0,0.0628,0.5663,0.027,4.1134
653,0,0,0,12,17,2,1,1,1,Male,45,1,3.7078,5.0186,0.128,0.4695,0.5622,0.0588,6.2371
654,1,1,1,20,11,1,1,2,0,Female,65,0,20.455,8.442,0.048,0.321,2.9758,0.6138,12.4006
655,1,0,0,15,23,2,1,7,4,Male,46,0,12.1627,17.6208,0.2592,0.7027,2.088,1.6488,22.3195
656,0,0,0,40,18,3,1,2,2,Male,65,0,9.6612,7.654,0.951,0.6815,2.5056,2.1252,13.9173
657,1,0,0,70,8,4,1,6,1,Male,67,0,14.6828,14.0523,1.705,0.8815,4.817,1.539,22.9948
658,0,0,0,25,22,2,1,5,2,Male,53,0,8.5551,11.1448,0.3619,0.869,2.9953,0.8882,16.2592
659,1,0,0,50,44,2,1,7,1,Male,61,0,11.9894,18.9438,0.95,0.7261,2.2934,0.4566,23.3699
660,3,0,1,50,6,4,1,5,0,Female,46,0,40.7053,19.2966,0.703,3.5974,14.8381,2.095,40.5301
661,1,0,0,18,42,2,1,4,0,Male,73,0,6.2435,8.0501,0.157,0.1383,1.3283,0.2945,9.9682
662,1,0,0,29,21,2,1,7,3,Male,48,0,18.5577,21.162,0.526,1.8527,2.904,1.847,28.2917
663,1,0,0,19,13,2,1,7,1,Male,53,0,5.9604,8.1888,0.5516,0.2341,0.8113,0.2082,9.994
664,1,0,0,38,14,2,1,5,1,Male,45,1,12.0596,13.8802,0.2762,1.9008,2.574,0.8814,19.5126
665,0,0,0,16,16,2,1,6,1,Male,42,1,8.3193,14.5767,0.4006,0.3795,0.999,0.2936,16.6494
666,0,0,0,10,1,2,1,3,3,Male,36,0,7.7651,10.1643,0.198,1.009,0.818,0.8274,13.0167
667,0,0,0,11,2,2,1,5,1,Male,35,1,7.221,10.3866,0.236,0.953,0.8937,0.2076,12.6769
668,1,0,0,12,3,2,1,8,2,Male,44,1,6.6352,11.7863,0.2284,0.3519,1.0768,0.3726,13.816
669,0,0,0,16,35,1,1,2,1,Female,57,0,5.9672,6.942,0.032,0.0275,1.6207,0.213,8.8352
670,1,0,0,20,15,2,1,4,1,Female,40,0,6.8125,8.9646,0.23,0.2355,1.397,0.3252,11.1523
671,1,0,0,36,6,2,1,3,0,Male,52,0,14.0611,11.3129,0.096,0.049,2.9816,1.158,15.5975
672,1,0,0,25,6,2,1,5,1,Male,48,0,9.8965,11.4376,0.3424,0.3455,1.7978,1.2196,15.1429
673,1,0,0,22,8,1,1,4,2,Male,63,0,7.3224,10.2158,0.1424,0.3345,1.3816,0.7902,12.8645
674,1,0,0,36,4,2,1,3,0,Male,41,0,10.1802,11.5265,0.188,0.2455,2.6333,0.3066,14.8999
675,0,0,0,25,16,1,0,4,1,Male,67,1,5.7553,9.648,0.0512,0.2255,1.1663,0.4588,11.5498
676,1,0,0,15,7,1,1,10,1,Male,38,0,13.6527,14.6185,0.7102,0.633,2.006,0.5066,18.4743
677,1,0,0,49,15,2,1,8,0,Male,53,0,19.9545,24.1268,0.652,0.4555,3.8774,1.4528,30.5645
678,1,0,0,25,7,2,1,17,3,Male,54,0,36.2818,27.4151,0.374,0.686,6.278,8.384,43.1371
679,1,0,0,30,20,1,1,4,1,Male,68,0,8.1712,12.7134,0.07,0.274,3.6574,0.2352,16.95
680,0,0,0,32,32,2,1,5,3,Female,52,0,12.4676,12.6823,0.331,0.2565,3.0624,0.276,16.6082
681,1,0,0,17,26,2,1,2,0,Male,79,0,3.9732,4.7269,0,0,1.1469,0.0528,5.9266
682,1,0,0,24,10,2,1,4,1,Male,44,0,7.1375,11.326,0.2205,0.287,1.6337,0.2538,13.721
683,0,0,0,23,15,1,1,3,1,Male,62,1,4.4202,7.6858,0.1332,0.111,1.3292,0.126,9.3852
684,1,0,0,20,17,2,1,5,1,Male,42,0,8.2184,8.2435,0.3,0.7515,1.7336,0.936,11.9646
685,0,0,0,14,7,2,1,8,2,Male,35,1,7.3674,10.3178,0.4095,0.421,1.4768,0.3054,12.9305
686,1,0,0,17,11,1,1,3,1,Male,39,0,14.0115,10.3734,1.8815,0.003,1.747,0.6032,14.6081
687,0,0,0,32,10,1,0,5,2,Male,47,0,13.7855,14.6496,0.834,0.2,4.7404,0.4247,20.8487
688,1,0,0,36,4,1,1,4,2,Male,41,0,13.9238,11.8403,0.4637,0.2181,1.7831,1.1942,15.4994
689,1,0,0,54,7,1,1,5,0,Male,38,0,12.8552,12.3547,0.6945,0.182,2.2402,0.2694,15.7408
690,2,1,1,81,3,4,1,2,0,Female,63,0,42.092,16.0703,0.566,0.9253,12.7199,3.3973,33.6788
691,1,0,0,23,37,2,1,4,1,Male,63,0,15.036,10.909,0.6805,0.3332,4.7927,1.0362,17.7516
692,2,0,1,54,12,1,1,4,1,Female,39,0,63.212,19.6443,2.649,0.7459,12.6547,4.2374,39.9313
693,1,0,1,54,35,2,1,2,0,Female,37,0,20.128,10.719,0.692,0.1545,4.0889,2.6948,18.3492
694,1,0,0,54,10,3,1,6,2,Male,59,0,19.7287,16.9837,0.282,0.128,5.9386,1.0357,24.368
695,1,0,0,54,14,1,1,3,0,Female,43,0,38.7164,20.8624,1.208,1.0864,9.7363,2.359,35.2521
696,1,0,0,18,6,1,1,5,1,Male,34,0,10.388,10.6494,0.985,0,1.391,0.5196,13.545
697,1,0,0,32,9,2,1,4,1,Male,58,0,16.5906,13.0579,1.04,0.1838,4.1355,0.4938,18.911
698,1,0,0,29,7,1,1,4,0,Male,33,0,29.56,15.7047,0.688,0.426,2.8058,0.468,20.0925
699,0,0,0,14,33,1,0,1,1,Male,57,0,6.6252,3.476,0.6344,0.2106,0.847,0.189,5.357
700,0,0,0,32,11,2,1,4,1,Female,69,0,9.302,7.8128,0.344,0.0796,0.9596,0.1104,9.3064
701,1,0,0,29,10,1,1,3,1,Male,59,0,12.139,12.0879,0.2595,0.2964,2.182,0.3294,15.1552
702,1,1,1,54,19,3,1,7,1,Female,53,0,64.263,60.2285,1.086,0.4462,12.0145,3.585,77.3602
703,1,0,0,32,27,2,1,4,1,Male,59,0,15.499,13.3993,0.7462,0.2004,3.4948,0.5652,18.4059
704,1,0,0,64,3,1,1,2,1,Male,46,0,11.2128,8.6557,2.1196,0.121,1.6467,1.109,13.652
705,2,0,0,39,12,2,1,6,1,Male,48,0,22.8063,23.1397,3.669,0.724,4.0478,7.6542,39.2347
706,1,0,0,86,40,2,1,4,1,Female,65,0,17.7157,14.2324,0.597,0.142,3.6748,1.8518,20.498
707,1,0,0,25,15,1,1,7,1,Male,38,0,13.698,21.1992,0.2728,0.8104,1.9272,1.9578,26.1674
708,1,0,0,40,11,2,1,7,2,Male,34,0,26.763,24.332,0.917,0.6871,8.5578,4.8256,39.3195
709,1,0,0,40,1,1,1,2,1,Male,35,0,15.0096,8.4849,0.9829,0.9088,4.2084,1.7236,16.3086
710,1,0,0,25,19,2,1,6,2,Male,49,0,17.9509,21.9109,2.932,1.2579,1.8849,1.5738,29.5595
711,1,1,1,60,15,3,1,6,2,Male,61,0,62.5096,26.6777,6.533,1.4041,18.8933,10.0648,63.5729
712,0,0,0,30,0,2,1,3,1,Male,37,0,11.9103,9.9741,2.163,0.495,2.641,1.5212,16.7943
713,1,0,0,48,12,2,1,4,2,Female,50,0,12.7471,12.6831,1.1328,0.3203,3.3502,1.9356,19.422
714,0,0,0,20,1,0,1,1,1,Male,21,0,10.208,8.9522,3.626,2.1303,1.4826,1.2948,17.4859
715,2,2,1,104,22,3,1,3,1,Male,56,0,38.197,17.0384,0.473,0.9605,7.2945,4.6834,30.4498
716,0,0,0,20,10,0,1,2,1,Male,39,0,8.4976,10.9701,1.011,0.7595,1.399,0.8604,15
717,1,0,0,165,20,2,1,9,1,Female,72,0,41,25.5429,1.5826,1.2205,9.4746,5.4386,43.2592
718,0,0,0,19,15,2,0,2,0,Male,78,0,1.9581,3.2072,0,0.0108,0.6527,0.042,3.9127
719,1,0,0,45,34,2,1,6,1,Male,66,0,16.1279,13.9821,0.1756,0.4275,5.829,3.004,23.4182
720,1,0,0,19,10,1,1,5,2,Male,31,0,12.2469,11.6959,0.5036,0.3464,2.4389,1.4648,16.4496
721,1,0,0,15,14,2,1,5,1,Male,39,0,11.3292,11.8282,0.371,0.239,4.0051,0.7536,17.1969
722,1,0,0,12,25,2,1,3,1,Male,53,0,7.6052,9.9455,0.1286,0.344,2.0384,0.9096,13.3661
723,0,0,0,15,7,1,1,3,1,Male,26,1,6.147,7.7372,0.1281,0.211,1.0102,0.3462,9.4327
724,1,1,0,50,15,4,1,6,0,Female,54,0,128.0422,21.8202,1.901,1.559,19.2238,4.9018,49.4058
725,0,0,0,25,38,2,0,1,1,Male,47,1,4.97,4.9488,0.832,0.191,1.0142,0.3486,7.3346
726,1,0,0,16,12,2,1,5,1,Male,37,0,11.1338,12.0866,0.4662,0.2275,1.6577,1.092,15.53
727,1,0,0,13,12,1,1,6,1,Male,40,0,10.3064,15.8505,0.613,0.463,2.4146,0.8628,20.2039
728,1,0,0,15,15,1,1,9,3,Male,42,0,13.4358,12.6303,0.4,0.3265,2.4461,0.3888,16.1917
729,0,0,0,20,16,1,1,2,0,Male,63,0,3.7902,4.9326,0.0174,0.0325,1.1812,0.12,6.2837
730,1,0,0,13,10,2,1,4,1,Male,44,1,4.4184,7.5784,0.1642,0.0871,1.0841,0.1602,9.074
731,1,0,0,15,15,2,1,3,1,Male,53,1,4.8255,6.4044,0.1258,0.1745,1.258,0.1902,8.1529
732,0,0,0,12,15,0,0,8,0,Male,49,1,6.4455,9.602,0.2874,0.1895,1.3942,0.2478,11.7209
733,0,0,0,13,7,2,0,4,1,Male,71,1,5.1074,10.0796,0.0974,0.112,1.2111,0.1692,11.6693
734,0,0,0,15,15,1,0,4,1,Male,65,1,4.0649,6.6146,0.1168,0.063,1.0482,0.102,7.9446
735,1,0,0,15,17,2,1,8,0,Male,36,0,9.6956,14.7616,0.4538,0.4975,1.7801,0.3978,17.8908
736,1,0,0,16,15,1,1,8,1,Male,69,1,7.646,10.0512,0.2342,0.2085,1.3852,0.1956,12.0747
737,0,0,0,25,7,1,0,1,0,Male,57,1,4.2806,5.5845,0.1362,0.1345,1.1054,0.2364,7.197
738,1,0,0,18,8,2,1,6,1,Female,61,0,14.8742,13.9067,0.458,0.5135,4.1769,2.3496,21.4047
739,1,0,1,43,4,2,1,3,0,Female,75,0,14.6786,10.3329,0.12,0.2926,8.495,1.6604,20.9009
740,1,0,0,8,9,2,1,7,1,Male,72,0,18.3827,16.8598,0.326,0.5486,4.0366,3.7566,25.5276
741,1,1,1,10,29,2,1,7,2,Female,74,0,58.016,26.8008,1.02,1.766,13.5734,9.7874,52.9476
742,1,0,0,18,45,1,1,5,2,Male,48,0,27.0835,14.8329,0.649,1.5318,6.075,4.4566,27.5453
743,1,0,0,11,3,0,1,4,1,Female,40,0,14.964,20.9916,1.029,0.8368,3.7485,1.409,28.0149
744,1,0,1,11,22,2,1,5,0,Male,46,0,25.506,22.0914,0.407,0.7589,6.0903,1.995,31.3426
745,1,0,1,7,34,2,1,7,0,Male,56,0,14.3552,19.1093,0.539,0.5577,3.2234,1.088,24.5174
746,2,0,1,6,36,2,1,4,1,Male,74,0,26.9001,30.5504,0.24,0.9733,8.6581,1.8134,42.2352
747,2,0,1,14,29,2,1,1,0,Male,63,0,44.717,8.5894,0.104,0.2771,3.7567,1.0614,13.7886
748,1,0,0,27,43,1,1,5,2,Male,74,0,11.7837,12.0657,0.126,0.643,3.5314,1.701,18.0671
749,1,0,0,25,12,2,1,3,1,Male,54,1,12.1962,11.0836,0.4238,0.2056,2.1714,1.515,15.3994
750,2,2,1,240,15,4,1,7,0,Male,48,0,54.266,28.9728,1.2,1.834,25.7564,4.6906,62.4538
751,1,0,1,53,0,2,1,4,1,Male,30,0,28.552,16.9185,0.57,1.5061,14.1328,1.9256,35.053
752,1,0,0,8,22,1,1,2,1,Female,61,0,5.8329,5.5024,0.1345,0.0919,1.4196,0.558,7.7064
753,2,1,2,17,27,3,1,5,2,Male,63,0,24.2172,26.6431,0.3,1.807,10.1292,2.2788,41.1581
754,2,0,1,56,29,1,1,2,2,Male,48,0,45.5683,23.5831,0.987,3.2672,8.888,7.7376,44.4629
755,1,0,0,30,20,2,1,2,0,Male,51,0,5.508,9.4653,0.098,0.055,1.0606,0.5978,11.2767
756,1,0,0,20,33,2,1,8,2,Male,73,0,11.9115,15.6777,0.548,0.4394,1.9848,0.9082,19.5581
757,1,0,0,18,10,2,1,5,0,Male,43,0,8.0704,9.8145,0.2792,0.698,1.803,1.2222,13.8169
758,1,0,0,19,20,2,1,5,1,Male,39,0,12.8718,18.0512,0.3814,0.2055,2.313,0.3272,21.2783
759,1,0,0,20,6,2,1,8,1,Male,60,1,16.9182,23.277,0.26,0.9734,2.6026,1.0988,28.2118
760,0,0,0,20,6,2,1,11,0,Male,39,0,11.6316,21.8801,0.5,1.0311,1.4508,0.5664,25.4284
761,1,0,0,108,41,3,1,4,1,Male,60,0,16.4939,13.6113,1.1115,0.6862,4.6145,3.093,23.1165
762,2,0,0,11,26,2,1,3,2,Male,60,0,12.5877,13.0865,0.459,0.0055,2.7248,2.1186,18.3944
763,1,0,0,25,5,1,1,1,1,Female,44,0,3.5384,2.7649,0.13,0.1198,1.06,0.324,4.3987
764,2,0,0,15,55,2,1,12,4,Male,43,0,49.3311,42.7703,12.8994,1.3974,13.3162,3.5442,73.9275
765,0,0,0,11,1,2,1,12,4,Male,33,0,18.7533,22.4541,1.02,0.7563,3.868,1.6758,29.7742
766,1,0,0,18,3,2,1,6,1,Male,40,0,14.0501,11.6267,0.521,0.786,4.6029,2.1802,19.7168
767,1,1,1,65,11,3,1,3,1,Male,67,0,45.7006,21.9797,5.06,2.7132,21.5964,3.6418,54.9911
768,1,0,1,29,42,3,1,8,4,Female,59,0,30.3063,16.0198,0.39,1.9771,4.097,2.1634,24.6473
769,0,0,0,29,10,2,1,2,0,Male,54,0,11.4198,12.6219,0.06,0.735,3.0171,1.0008,17.4348
770,0,0,0,54,6,1,1,3,3,Male,44,0,18.8066,14.7113,2,0.455,6.1901,2.5174,25.8738
771,1,0,0,14,1,0,1,4,2,Male,37,0,13.2104,10.7757,0.12,0.2526,2.6358,1.3812,15.1653
772,1,0,0,23,3,2,1,8,0,Female,71,0,9.5469,15.2672,0.456,0.529,2.3908,0.1794,18.8224
773,0,0,0,23,1,1,1,4,0,Male,56,0,17.4591,12.0238,0.0384,1.6628,2.1807,0.1344,16.0401
774,0,0,0,11,5,1,1,5,1,Female,58,0,7.251,9.8004,0.288,0.017,1.693,0.1056,11.904
775,1,0,0,15,6,2,1,5,1,Male,43,0,12.8763,12.7038,0.36,0.1272,4.858,0.4932,18.5422
776,1,1,0,49,14,2,1,5,0,Female,56,0,19.3723,11.902,0.715,0,9.6566,2.4686,24.7422
777,1,0,0,52,21,2,1,6,3,Male,62,0,9.5261,14.051,0.3284,0.301,2.2887,0.2136,17.1827
778,0,0,0,90,3,2,0,8,3,Male,46,1,7.884,14.9567,0.249,0.536,1.3555,0.1686,17.2658
779,1,1,0,14,9,2,1,6,0,Male,46,1,26.9913,24.8836,0.815,3.032,6.0239,2.3706,37.1251
780,0,0,0,16,4,1,0,2,2,Male,41,1,4.4415,5.509,0.0865,0.2055,1.2397,0.5514,7.5921
781,1,0,0,43,11,2,1,2,0,Female,68,0,15.904,9.752,0.3,0.9264,3.2991,1.4724,15.7499
782,1,0,0,32,7,2,1,6,2,Male,45,0,13.2632,16.3347,0.7116,0.992,3.6549,0.5052,22.1984
783,1,0,0,26,4,2,1,8,1,Male,46,0,14.9776,19.7937,0.59,1.0255,3.644,1.3512,26.4044
784,0,0,0,46,14,2,1,6,2,Male,46,0,17.7908,17.6769,1.0835,0.8565,5.8641,1.6016,27.0826
785,1,0,0,28,30,2,1,9,2,Male,63,0,14.0474,15.4577,1.285,0.9244,2.9326,1.4064,22.0061
786,1,0,0,72,6,4,1,7,0,Male,39,0,19.4956,23.416,0.32,1.536,3.594,1.1996,30.0656
787,0,0,0,32,15,2,1,4,2,Male,49,0,14.2113,13.7787,0.8883,0.971,4.619,1.3372,21.5942
788,0,0,0,10,23,0,1,2,2,Male,55,1,3.0292,3.8688,0.2212,0.856,0.9159,0.1062,5.9681
789,1,0,1,66,6,3,1,5,1,Male,49,0,43.3096,25.3489,1.742,4.0066,8.2373,3.896,43.2308
790,0,0,0,11,7,1,1,1,0,Female,85,0,2.3209,2.3933,0,0.095,1.0809,0.0432,3.6124
791,1,0,1,47,31,2,1,4,1,Male,51,0,25.7832,17.0019,1.5515,0.973,7.1524,6.037,32.7158
792,2,0,0,97,18,3,1,6,2,Male,54,1,32.131,31.967,2.319,2.2414,11.3177,2.6578,50.5029
793,1,0,0,10,13,1,1,3,2,Male,66,1,6.9835,10.0866,0.0348,0.4105,1.4173,0.5248,12.474
794,0,0,0,11,6,1,1,4,2,Male,30,1,7.1533,11.155,0.128,0.477,2.3125,0.2562,14.3287
795,1,0,0,47,31,2,1,2,1,Male,57,0,12.8523,9.3734,0.216,0.174,2.6372,2.8134,15.214
796,0,0,0,26,21,2,1,2,0,Male,66,0,3.2145,4.8846,0,0.0245,0.929,0.1534,5.9915
797,0,0,0,24,18,2,1,5,2,Male,43,1,7.6779,13.7223,0.642,0.765,2.4579,0.6356,18.2228
798,1,0,0,22,7,2,1,6,1,Male,36,1,11.214,16.3515,0.265,0.8935,2.0447,0.7436,20.2983
799,1,0,0,20,7,0,1,9,1,Male,40,1,7.8132,18.6576,0.4982,0.548,2.3498,1.3296,23.3832
800,1,0,0,32,9,3,1,5,4,Female,55,0,11.988,16.47,0.3398,0.5405,3.814,1.1554,22.3197
801,1,0,0,54,12,3,1,3,2,Male,59,0,23.488,19.2883,2.786,0.499,12.7228,2.7684,38.0645
802,0,0,0,24,5,2,1,2,1,Female,94,1,7.126,5.7475,0.0325,0.161,1.651,0.1098,7.7018
803,2,0,0,176,24,3,1,4,1,Male,46,0,70.0542,41.1624,3.114,2.6892,46.8728,4.703,98.5414
804,1,0,0,73,17,2,1,4,0,Male,45,0,12.2779,14.0261,1.8999,0.0735,3.2686,1.0608,20.3289
805,1,0,0,29,25,2,1,10,5,Male,46,0,20.6545,16.7398,0.2704,0.2204,3.866,1.3814,22.478
806,1,0,0,108,53,3,1,1,0,Male,56,0,257.2904,8.447,7.626,2.1807,10.4427,1.0284,29.7248
807,1,0,0,48,25,3,1,7,1,Male,48,0,18.3299,17.3569,0.53,0.0805,1.9648,0.3594,20.2916
808,1,0,0,80,5,3,1,4,2,Male,47,0,70.9057,33.6385,2.8427,2.6847,32.6226,9.846,81.6345
809,1,0,0,40,5,2,1,2,0,Male,72,1,15.7518,9.0026,0.16,0.04,6.2736,0.6786,16.1548
810,0,0,0,32,5,1,0,8,0,Female,53,0,9.767,8.6227,0.53,0.1765,2.0069,0.3076,11.6437
811,1,1,1,36,32,3,1,4,0,Male,44,0,34.813,16.9145,0.937,0.4185,5.1156,4.5984,27.984
812,1,0,0,34,17,2,1,5,2,Male,51,0,11.1856,15.8553,1.457,0.1665,2.3489,1.0692,20.8969
813,1,0,0,32,11,2,1,2,1,Male,57,0,11.5752,10.4546,0.283,1.4203,1.9582,0.5748,14.6909
814,1,0,0,32,6,2,1,3,3,Male,57,1,11.5635,10.7799,0.564,0.7449,3.6712,0.719,16.479
815,0,0,0,20,5,1,0,3,2,Male,47,1,7.0276,8.3769,0.404,0.5243,1.4727,0.4752,11.2531
816,0,0,0,40,6,1,0,3,0,Male,50,0,8.4044,7.6868,0.08,0.3007,2.684,0.2504,11.0019
817,0,0,0,29,8,2,1,6,4,Male,40,1,11.7453,17.3492,0.499,0.267,2.1913,0.4266,20.7331
818,1,0,0,26,24,1,1,3,1,Male,30,0,29.6776,17.8298,0.9678,4.2196,5.9784,6.123,35.1186
819,1,0,0,32,20,1,1,3,1,Male,59,0,10.2895,9.5375,0.614,0.4812,1.7173,1.4652,13.8152
820,1,0,0,20,6,1,1,4,2,Male,33,0,14.5026,14.8891,0.614,1.3166,3.2177,0.6112,20.6486
821,1,0,0,26,20,1,1,4,2,Male,47,0,16.4417,12.8872,1.7635,0.5146,2.8879,2.0625,20.1157
822,0,0,0,36,25,3,1,1,0,Female,75,0,3.2456,3.3199,0.156,0.036,1.189,0.117,4.8179
823,0,0,0,48,8,2,1,5,1,Male,37,0,14.2039,14.2562,0.8554,0.5045,2.2017,1.1216,18.9394
824,1,0,0,55,9,2,1,4,0,Male,46,1,17.7079,13.866,0.364,0.4575,5.3574,0.8384,20.8833
825,0,0,0,14,12,1,0,1,0,Female,70,0,2.7032,4.2687,0.846,0.031,0.638,0.0288,5.8125
826,1,0,0,40,11,1,1,7,0,Male,35,1,6.6723,7.3895,0.731,0.08,1.6864,0.738,10.6249
827,1,0,0,30,6,1,1,8,2,Male,44,1,21.2613,16.4903,0.887,0.592,2.5344,2.1128,22.6165
828,0,0,0,25,5,2,0,6,3,Female,51,0,14.3433,19.0023,0.5057,0.9425,2.8628,0.6116,23.9249
829,1,0,0,52,5,3,1,5,1,Male,56,1,17.8755,14.9677,0.809,1.2356,3.1514,2.3022,22.4659
830,1,0,0,54,11,2,1,7,4,Male,40,1,17.0549,22.6311,0.939,0.7164,4.0219,0.83,29.1384
831,1,0,0,22,22,1,1,11,4,Male,43,0,10.6187,16.2606,1.0637,1.3796,2.9973,0.6206,22.3218
832,1,0,1,31,28,2,1,5,0,Male,58,0,30.576,21.9276,3.1466,1.5193,7.5306,4.8498,38.9739
833,1,0,0,22,9,1,1,3,2,Male,40,0,14.4754,15.3403,0.974,0.7585,6.3751,2.6466,26.0945
834,1,0,0,56,12,2,1,12,0,Male,74,0,18.218,22.4986,0.618,2.0911,3.0008,5.0342,33.2427
835,1,0,1,45,16,3,1,3,1,Male,57,0,55.1113,25.0157,1.186,1.6579,14.2371,7.3654,49.4621
836,1,0,1,54,10,3,1,1,0,Female,57,0,47.0266,10.5014,0.15,1.9196,9.4473,5.2336,27.2519
837,0,0,0,22,5,2,0,4,3,Female,58,0,11.8926,14.6171,1.005,1.3353,1.1076,0.4112,18.4762
838,1,0,0,43,3,2,1,6,1,Male,38,0,17.0326,19.3848,0.359,0.7287,5.6185,2.2113,28.3023
839,1,0,0,36,18,2,1,4,1,Male,33,1,12.7481,16.2148,1.151,1.2574,2.4795,1.2526,22.3553
840,1,0,0,25,20,1,1,4,2,Male,28,0,12.6558,15.9001,0.4495,0.2925,1.4037,1.4512,19.497
841,1,0,0,28,6,1,1,4,2,Male,34,1,8.9364,7.4011,0.413,0.5162,2.8187,1.278,12.427
842,0,0,0,29,15,0,1,1,1,Female,47,0,9.2381,6.1782,0.0867,0.473,4.3914,0.1704,11.2997
843,0,0,0,18,35,0,1,4,1,Male,40,1,5.0194,6.4723,0.1815,0.3565,1.0291,0.336,8.3754
844,1,0,0,20,17,2,1,5,1,Male,50,0,13.749,14.6285,0.867,1.1331,1.8847,1.6114,20.1247
845,0,0,0,21,7,1,1,3,0,Male,53,1,6.0212,8.4592,0.633,0.4543,1.5119,0.5638,11.6222
846,0,0,0,32,18,2,0,1,0,Male,52,1,3.579,4.3444,0,0.318,0.7336,0.149,5.545
847,0,0,0,18,10,0,0,1,0,Male,64,1,2.3973,3.0933,0.187,0.036,0.6366,0.0312,3.9841
848,1,0,0,86,5,5,1,9,2,Male,43,0,61.9553,18.2619,1.48,0.5985,4.2271,8.8674,33.4349
849,1,0,0,32,20,1,1,6,1,Male,68,1,8.1129,8.7196,0.3315,0.406,3.6338,0.2584,13.3493
850,1,0,0,63,17,3,1,8,3,Male,51,1,25.954,16.539,0.2047,0.7763,2.8634,1.1478,21.5312
851,1,0,0,26,15,2,1,4,2,Male,62,1,7.7132,10.2883,0.1868,0.4125,1.5081,0.9282,13.3239
852,1,0,0,26,40,1,1,6,2,Male,56,1,7.6256,8.4534,0,0.3497,1.3177,0.6158,10.7366
853,1,0,0,43,15,2,1,4,0,Male,33,0,13.8866,11.266,1.0644,0.7299,2.7971,0.7666,16.624
854,1,0,0,30,12,2,1,9,0,Male,56,1,11.0203,10.5258,0.8285,0.948,3.9862,0.4756,16.7641
855,0,0,0,40,22,1,1,2,0,Female,51,0,3.2587,4.5973,0.27,0.0835,0.6104,0.0962,5.6574
856,1,0,0,43,35,2,1,1,1,Male,70,1,4.0922,3.0801,0.189,0.2115,0.7695,0.2118,4.4619
857,1,0,0,26,25,2,1,4,2,Female,49,0,10.1605,8.6562,0.0856,0.284,1.7097,0.7848,11.5203
858,1,0,0,32,24,2,1,3,0,Male,55,0,9.6801,7.8281,0.4515,0.2374,3.7809,1.4522,13.7501
859,1,0,0,45,17,2,1,6,1,Male,53,0,15.6331,12.3746,0.508,0.22,6.4569,0.6124,20.1719
860,1,0,0,45,15,2,1,8,4,Male,42,0,17.2023,19.9746,0.486,0.4629,2.8475,1.2322,25.0032
861,0,0,0,52,5,3,1,11,3,Female,49,0,23.316,16.4221,0.27,0.2725,9.8168,2.2296,29.011
862,0,0,0,40,5,1,0,10,0,Male,47,1,8.9809,16.3515,0.302,0.8165,2.1994,0.4332,20.1026
863,2,0,0,29,5,2,1,6,2,Male,48,0,21.2164,20.2085,0.799,1.5995,5.7134,2.2104,30.5308
864,1,0,0,32,5,2,1,6,1,Female,55,0,11.7807,13.3578,0.665,0.4855,2.8993,1.0468,18.4544
865,0,0,0,30,6,0,1,3,2,Female,65,1,21.6999,10.2866,0.621,0.3388,13.28,0.7096,25.236
866,1,0,0,38,12,2,1,5,3,Male,67,1,13.9936,14.2476,0.245,0.388,2.5221,0.5724,17.9751
867,1,0,0,20,5,1,1,4,1,Female,47,0,8.1006,9.7672,0.465,0.138,1.8247,0.4394,12.6343
868,0,0,0,30,3,1,1,2,0,Female,74,1,4.8397,4.7514,0.148,0.1165,1.3044,0.2908,6.6111
869,1,0,0,48,25,2,1,3,0,Male,61,1,8.874,11.5747,0.04,0.5417,1.6489,0.3508,14.1561
870,1,0,0,28,7,1,1,4,1,Male,63,1,7.5012,15.0656,0.745,0.1794,2.6376,0.4952,19.1228
871,0,0,0,25,6,1,1,2,1,Male,64,1,4.7686,5.6481,0.036,0.0175,1.1288,0.1602,6.9906
872,1,0,0,35,25,2,1,3,3,Male,50,0,23.5347,15.6661,5.508,0.384,8.8136,2.3644,32.7361
873,0,0,0,30,21,2,0,6,2,Male,47,0,14.645,17.2337,0.8885,0.738,2.3473,0.4178,21.6253
874,1,0,0,42,11,2,1,9,1,Male,63,0,27.7002,22.0983,1.359,0.4225,5.8038,1.0536,30.7372
875,1,1,1,48,13,4,1,2,1,Male,62,0,63.4643,38.5875,1.149,1.0575,11.6305,5.1392,57.5637
876,1,1,0,35,15,2,1,4,2,Male,59,0,78.1605,24.6299,0.758,0.9445,6.0498,3.2472,35.6294
877,1,0,0,21,7,2,1,9,2,Male,52,1,14.2184,26.9541,0.065,0.7901,3.4939,0.7476,32.0507
878,0,0,0,28,43,2,1,2,1,Male,67,1,5.3537,6.3213,0.358,0.054,1.0434,0.4632,8.2399
879,0,0,0,24,5,0,0,4,2,Male,44,0,8.7082,6.9304,0.729,0.2216,2.5053,0.7116,11.0979
880,1,0,0,28,8,3,1,8,1,Male,47,0,22.2985,13.0833,0.928,1.1229,4.8877,1.8052,21.8271
881,1,0,0,25,17,1,1,5,2,Male,43,1,9.1722,7.9559,0.2086,0.4324,2.1754,0.5709,11.3432
882,1,0,0,32,5,2,1,9,6,Male,47,0,12.4504,13.3922,0.373,0.3965,2.5988,0.8062,17.5667
883,0,0,0,54,41,2,1,8,2,Male,64,0,37.3733,22.0567,1.393,0.3853,8.25,4.0618,36.1468
884,0,0,0,32,6,2,1,5,2,Female,73,0,12.655,13.0376,0.424,0.5095,3.2864,2.2286,19.4861
885,1,0,0,30,20,2,1,4,1,Male,57,0,13.0352,10.8666,0.7243,0.9886,4.882,1.585,19.0465
886,2,0,0,26,15,1,1,2,0,Male,56,1,50.8366,14.737,0.858,1.1975,3.8586,5.9962,26.6473
887,0,0,0,22,15,2,1,2,0,Male,71,0,6.9189,5.7523,0.0086,1.2493,1.1768,0.3828,8.5698
888,1,0,0,35,6,2,1,11,1,Male,51,0,11.7166,14.5099,0.6116,0.755,2.0553,1.1758,19.1076
889,0,0,0,25,5,1,0,8,1,Male,40,1,9.2564,11.2138,0.1637,0.4235,1.2527,0.3306,13.3843
890,0,0,0,40,5,1,0,9,2,Male,45,1,8.3936,12.1118,0.304,0.349,1.327,0.5709,14.6627
891,0,0,0,25,6,2,1,4,3,Female,59,1,6.0609,5.7031,0.189,0.741,1.6692,0.4309,8.7332
892,0,0,0,28,5,1,0,4,2,Male,40,1,4.9855,6.6111,0.127,0.211,1.052,0.3079,8.309
893,1,0,0,28,5,0,1,5,1,Male,62,0,11.2662,11.1897,0.422,1.4235,1.2144,1.095,15.3446
894,0,0,0,36,5,2,1,8,2,Male,52,0,15.3619,16.835,0.4187,0.827,1.311,0.8296,20.2213
895,0,0,0,28,7,1,0,2,0,Male,26,1,6.3195,8.6716,0.6094,0.4825,0.9171,0.3122,10.9928
896,1,0,0,45,8,2,1,6,1,Male,51,0,9.8855,9.3628,0.3337,1.1134,1.4397,0.4012,12.6508
897,1,0,0,40,20,2,1,9,2,Male,48,0,13.35,15.9032,0.5053,0.6945,1.8414,0.9771,19.9215
898,0,0,0,23,10,0,1,4,0,Male,54,0,8.9682,8.6703,1.1163,0.25,1.7434,0.2635,12.0435
899,1,0,0,25,17,3,1,6,1,Male,62,1,20.3542,13.3084,0.926,0.208,2.0185,3.3457,19.8066
900,0,0,0,32,5,2,1,11,2,Male,58,0,15.8596,18.6378,0.5377,1.2465,1.9047,0.8604,23.1871
901,0,0,0,32,5,2,1,8,1,Male,44,1,12.4648,15.0718,0.7553,0.446,1.3662,0.5202,18.1595
902,0,0,0,26,5,1,0,5,1,Male,80,0,7.7141,8.7538,0.081,1.4204,1.27,0.4458,11.971
903,0,0,0,25,14,1,1,7,2,Male,37,0,7.6683,10.9825,0.6535,0.601,1.0667,0.7876,14.0913
904,0,0,0,35,29,2,1,4,1,Male,44,1,12.0766,11.376,0.7665,0.9706,8.525,1.4164,23.0545
905,0,0,0,24,11,1,0,8,1,Male,40,1,5.5488,8.9375,0.1788,0.273,0.7748,0.3344,10.4985
906,1,0,1,48,26,4,1,6,2,Male,53,0,40.3672,17.274,1.096,0.4819,9.0106,3.2954,31.1579
907,0,0,0,36,54,1,1,8,3,Male,49,0,9.2919,17.6558,0.439,1.451,1.7768,0.342,21.6646
908,1,0,0,30,14,1,1,2,0,Male,61,0,11.3587,10.412,0.0992,0.2415,2.003,1.6294,14.3851
909,1,1,0,36,32,3,1,4,1,Male,36,0,35.0394,12.4208,0.4441,0.4515,4.4628,1.6852,19.4644
910,1,0,1,30,22,2,1,6,2,Male,42,0,12.4236,21.442,0.671,0.6902,5.7974,0.9946,29.5952
911,1,0,0,50,5,3,1,6,0,Male,55,1,10.3409,16.1272,0.9827,0.086,3.5451,1.289,22.03
912,1,0,0,36,21,2,1,2,0,Male,57,1,6.0429,5.6723,0,1.1287,1.536,1.201,9.538
913,1,0,0,24,15,1,1,2,1,Male,48,0,5.8073,7.0375,0.78,0.0973,1.7109,1.298,10.9237
914,1,0,0,26,5,1,1,4,1,Male,49,0,16.5293,13.9178,0.318,0.365,1.794,0.6144,17.0092
915,1,0,0,26,13,2,1,4,1,Female,66,0,8.8795,10.6678,0.332,0.536,2.8054,1.0276,15.3688
916,0,0,0,26,20,2,1,5,1,Female,33,0,5.6785,7.5395,0.3008,0.2274,1.977,1.2028,11.2475
917,1,0,0,38,5,3,1,5,1,Male,41,0,12.0109,13.499,0.543,0.5696,2.5015,1.0228,18.1359
918,1,0,0,58,5,3,1,7,4,Male,57,0,25.0708,15.4021,0.4924,0.7875,2.2816,0.5456,19.5092
919,0,0,0,46,8,0,0,6,1,Male,52,1,6.4268,8.3956,0.09,1.2198,1.6718,0.2324,11.6096
920,0,0,0,27,9,1,1,5,1,Male,50,1,7.0109,8.124,0.166,0.8895,1.0974,0.2774,10.5543
921,0,0,0,44,14,1,0,6,1,Male,37,0,11.7308,12.0087,0.351,1.3175,0.8496,0.4986,15.0254
922,0,0,0,35,2,2,1,7,1,Male,41,0,13.2435,22.7531,0.563,0.9825,2.0674,0.8462,27.2122
923,0,0,0,22,9,0,1,6,0,Male,46,1,3.943,7.6627,0.1035,0.2394,1.12,0.5188,9.6444
924,0,0,0,47,8,1,0,9,0,Male,47,1,5.6847,9.2472,0.426,1.166,1.143,0.5902,12.5724
925,0,0,0,36,8,1,1,3,1,Male,61,0,13.864,16.2785,0.62,0.8465,3.9518,1.2248,22.9216
926,1,0,0,45,25,3,1,4,1,Male,57,0,8.6347,14.4686,0.024,0.8648,1.3266,0.9186,17.6026
927,0,0,0,27,5,1,1,6,1,Male,41,1,7.321,10.4036,0.201,0.7749,0.7128,0.313,12.4053
928,0,0,0,20,6,1,1,7,1,Male,37,1,6.3205,8.6189,0.188,0.79,0.8991,0.2564,10.7524
929,1,0,0,45,10,2,1,3,1,Male,45,1,6.7172,8.5083,0.03,0.2147,0.9522,0.3534,10.0586
930,1,0,0,50,26,3,1,11,2,Male,74,1,12.503,15.2173,0.118,0.1444,2.3814,1.3668,19.2279
931,0,0,0,56,7,2,1,4,1,Male,67,1,7.3333,12.5692,0.536,0.2896,1.4996,0.4302,15.3246
932,1,0,0,51,9,3,1,4,1,Male,44,1,7.7379,12.7813,0.1747,0.2046,1.3136,0.6146,15.0888
933,1,0,0,43,4,3,1,7,1,Male,44,0,34.5612,27.9981,6.4828,0.516,3.1686,5.1076,43.2731
934,0,0,0,54,20,2,1,6,2,Female,63,1,8.7704,12.1368,0.2413,0.2166,2.4492,1.5778,16.6217
935,0,0,0,22,5,1,0,3,1,Female,59,1,4.4135,7.4911,0.036,0.2394,0.8646,0.0888,8.7199
936,0,0,0,64,4,1,0,6,1,Male,38,1,6.0399,10.7869,0.4297,0.1908,0.9552,0.6254,12.988
937,1,0,0,40,3,3,1,4,1,Male,60,0,17.3128,15.7642,0.045,0.4015,1.784,2.2198,20.2145
938,1,0,0,62,4,1,1,6,1,Male,36,1,9.2171,12.828,0.1942,0.116,1.1156,0.2952,14.549
939,1,0,0,40,3,2,1,4,2,Female,55,1,8.7817,11.6971,0.211,0.212,4.5782,0.4074,17.1057
940,1,0,0,48,8,2,1,5,1,Male,37,1,8.2639,12.4435,0.1693,0.6078,1.3946,0.1866,14.8018
941,1,0,1,75,8,3,1,6,1,Male,39,0,65.6099,33.262,0.6133,1.9905,20.635,4.077,60.5778
942,1,0,0,52,39,4,1,3,1,Female,64,0,12.6269,9.3584,0.024,0.684,1.708,0.9594,12.7338
943,0,0,0,40,6,1,1,6,1,Male,52,0,11.1535,15.5362,0.4538,0.3345,1.4784,0.4484,18.2513
944,1,0,0,26,10,1,1,7,2,Male,48,0,19.1681,16.6801,0.68,0.8888,4.6802,0.8898,23.8189
945,1,0,0,60,5,3,1,3,1,Male,53,0,38.8172,15.7833,0.3933,1.5605,6.104,4.1238,27.9649
946,1,0,0,30,7,2,1,2,2,Female,67,0,8.0955,11.8236,0.0788,0.234,2.341,0.6904,15.1678
947,1,0,1,42,31,2,1,6,1,Male,79,0,12.5482,14.4166,0.473,0.398,3.7414,1.2664,20.2954
948,2,1,1,44,13,3,1,3,1,Male,42,1,111.4504,27.8619,5.096,3.68,31.6798,23.3198,91.6375
949,1,0,1,40,25,3,1,6,1,Male,39,0,42.5927,18.2023,1.118,1.159,7.1571,5.9218,33.5582
950,1,0,1,26,25,2,1,6,0,Female,56,0,9.2555,11.7457,0.8925,0.57,2.336,0.7914,16.3356
951,1,0,1,38,7,2,1,3,2,Male,47,0,102.615,19.6263,3.8505,2.7562,18.015,12.743,56.991
952,1,0,1,46,41,4,1,5,1,Male,42,0,40.999,14.9177,3.025,1.5154,8.9939,10.3788,38.8308
953,1,0,0,44,36,2,1,4,1,Male,39,0,40.2466,17.3074,0.748,1.1019,7.1195,7.2174,33.4942
954,1,0,1,40,5,2,1,4,1,Female,31,0,51.8318,17.7069,2.516,1.9379,16.1909,9.972,48.3237
955,1,0,0,24,10,1,1,2,0,Male,41,0,7.3245,7.7514,0.518,0.8915,2.0558,0.423,11.6397
956,1,0,0,28,6,2,1,4,0,Male,58,0,23.9675,13.9437,0.5667,0.3055,2.3221,0.505,17.643
957,1,0,1,38,11,3,1,5,3,Male,59,0,29.425,19.5773,0.6703,0.8967,3.5126,2.2774,26.9343
958,1,0,0,27,5,1,1,6,1,Male,60,0,21.7102,16.1415,0.857,0.6295,5.3017,2.0088,24.9385
959,0,0,0,34,4,1,0,8,2,Male,49,1,8.7229,11.3428,0.3593,0.5844,0.9609,0.4816,13.729
960,0,0,0,38,11,2,1,6,2,Male,39,0,13.8895,12.5434,0.2127,0.7524,2.6424,1.4884,17.6393
961,0,0,0,54,5,2,0,6,2,Male,54,1,11.0604,11.4987,0.315,0.5726,1.3054,0.6308,14.3225
962,0,0,0,25,3,1,1,2,2,Male,52,1,5.6557,8.5666,0,0.2795,0.8561,0.2432,9.9454
963,1,0,0,45,3,3,1,4,1,Male,55,0,16.4218,13.2818,1.1812,0.7378,4.4577,2.181,21.8395
964,1,0,0,36,13,2,1,3,1,Male,31,1,9.9178,8.9448,0.0933,0.5081,1.5806,0.4668,11.5936
965,0,0,0,56,5,1,1,4,2,Male,47,1,14.9967,10.6965,0.1967,0.393,1.8225,0.4998,13.6085
966,0,0,0,25,4,2,0,4,0,Male,46,1,4.2691,4.6616,0.1536,0.1615,0.9319,0.2564,6.165
967,1,0,0,28,7,1,1,7,1,Male,39,0,11.1945,13.0693,0.3673,0.4758,2.5527,1.4452,17.9103
968,1,0,0,39,11,3,1,4,0,Male,37,1,8.3216,10.3993,0.2307,0.4475,1.5034,0.7104,13.2913
969,1,0,0,38,10,2,1,7,0,Male,41,0,14.8414,18.002,0.4647,3.2159,3.9814,1.1864,26.8504
970,1,0,0,39,3,2,1,4,1,Male,27,0,11.6292,12.3102,0.1937,0.7552,2.5207,1.5488,17.3286
971,0,0,0,38,3,2,1,6,1,Male,41,0,9.4735,13.8946,0.249,0.2794,1.2318,0.5152,16.17
972,1,0,1,40,12,2,1,6,2,Male,54,0,38.1169,23.4145,3.717,2.505,8.3592,8.0838,46.0795
973,1,0,0,38,9,3,1,7,1,Male,40,0,22.2868,16.4381,1.53,1.0185,4.389,2.3796,25.7552
974,0,0,0,26,4,2,1,2,0,Male,54,1,9.8302,6.8686,0.3013,0.3886,1.2785,0.3112,9.1482
975,1,0,0,40,6,3,1,6,2,Male,51,0,14.3419,11.141,0.0925,1.2278,1.3549,1.483,15.2992
976,1,0,0,38,7,3,1,3,0,Female,57,0,8.8286,9.5617,0.1967,1.2959,2.9225,1.1276,15.1044
977,0,0,0,32,15,2,0,8,1,Male,48,0,10.9223,16.7977,0.431,0.3385,4.8098,1.6848,24.0618
978,1,0,0,18,10,1,1,3,0,Female,50,0,20.67,12.1545,0.482,0.39,3.5276,0.8204,17.3745
979,0,0,0,28,9,1,0,4,1,Male,25,1,5.6481,8.9324,0.091,1.2176,1.2031,0.7624,12.2065
980,1,0,0,28,11,2,1,4,1,Male,41,0,13.857,12.0497,1.2845,1.221,3.8778,1.7394,20.1724
981,1,0,0,42,11,3,1,5,1,Male,33,0,18.4244,18.0531,1.2958,1.3362,3.4605,2.671,26.8166
982,0,0,0,28,10,2,0,5,1,Male,58,0,11.009,16.2462,0.4143,1.42,1.5844,1.061,20.7259
983,2,0,1,40,20,3,1,3,3,Male,55,0,84.025,18.1442,3.4,3.5854,9.2461,15.8084,50.1841
984,1,0,0,26,9,2,1,6,1,Male,49,0,11.9264,11.0756,1.1304,0.268,2.699,2.2554,17.4284
985,0,0,0,29,5,1,0,6,1,Male,55,0,11.0475,14.7226,2.13,0.383,1.9169,1.1894,20.3419
986,0,0,0,38,5,3,1,7,4,Male,53,0,19.8952,30.8509,1.101,1.8376,2.2239,2.4248,38.4382
987,0,0,0,13,17,1,0,2,0,Female,68,1,6.0909,5.8143,0.348,0.2924,1.1902,0.4288,8.0737
988,0,0,0,26,13,1,0,3,2,Female,77,1,4.2895,7.3905,0.024,0.031,0.867,0.2826,8.5951
989,1,0,0,30,32,2,1,2,0,Male,72,0,5.7045,7.8557,0.19,0.211,1.314,0.4156,9.9863
990,0,0,0,32,13,1,1,12,1,Male,46,1,9.5775,9.6765,0.315,0.194,2.9302,0.4092,13.5249
991,0,0,0,36,20,3,1,3,0,Male,60,0,11.434,9.0834,0,0.0763,2.5312,1.3164,13.0073
992,1,0,0,40,33,3,1,8,6,Male,62,0,9.4514,10.4372,0.1644,0.826,2.3326,1.418,15.1782
993,0,0,0,32,5,2,0,5,0,Female,29,0,8.1167,5.6483,0.1168,0.19,3.3731,0.3814,9.7096
994,1,0,0,38,5,2,1,10,1,Male,45,0,13.187,16.3188,0.3067,0.7471,1.8072,2.001,21.1808
995,0,0,0,26,7,2,1,4,1,Female,40,0,12.0629,12.2108,0.418,0.4351,2.6687,1.4128,17.1454
996,0,0,0,28,11,1,1,9,6,Male,58,1,12.4565,9.6292,0.06,0.522,1.8064,0.3778,12.3954
997,1,0,1,54,17,4,1,3,1,Female,45,0,61.1276,16.8252,2.8527,2.4477,19.5231,7.236,48.8847
998,2,2,1,320,12,3,1,3,0,Male,46,0,57.475,22.0868,1.307,1.9392,23.3261,4.9292,53.5883