,fold,loss_type,margin/alpha,knowledge,learning_rate,batch_size,epochs,runtime,weights,violations_train_data,accuracy_train_corrected,accuracy_train_modified,violations_train_prediction,violations_val_data,accuracy_val_corrected,accuracy_val_modified,violations_val_prediction,violations_test_data,accuracy_test_corrected,accuracy_test_modified,violations_test_prediction,counter_examples_found
0,1,sbr,PP,-,-,-,-,129.19890308380127,"[0.2453628282400661, -3.7168121855766443, 2.5665155328541567, -1.7739415190110235, -0.0785344692305622, 0.8580133716217595, -0.045381895211988425, 0.6314971730023614, -0.6697857579325482, 0.4959908435869373, -0.030798370394004234, -0.574084981875916, 0.2095908649884537, 1.1674152204521222, 0.2923686919142504]",20,0.7777777777777778,0.7611940298507462,0,6,0.8125,0.8,0,5,0.8333333333333334,0.8241758241758241,0,0
0,1,sbr,0,-,-,-,-,129.38281869888306,"[0.2453628282400661, -3.7168121855766443, 2.5665155328541567, -1.7739415190110235, -0.0785344692305622, 0.8580133716217595, -0.045381895211988425, 0.6314971730023614, -0.6697857579325482, 0.4959908435869373, -0.030798370394004234, -0.574084981875916, 0.2095908649884537, 1.1674152204521222, 0.2923686919142504]",20,0.6875,0.7276119402985075,26,6,0.7083333333333334,0.7555555555555555,10,5,0.7604166666666666,0.7912087912087912,7,10
0,1,sbr,0.1,-,-,-,-,127.74497652053833,"[0.1652521865288729, -3.643104051838416, 2.547760209134704, -1.7601538071048402, -0.07410555149169287, 0.924826925313617, -0.04135350240616939, 0.6309971038014031, -0.6700898081653831, 0.48787550345449915, -0.03959584902575283, -0.5699944160960095, 0.21551183879493055, 1.1633132292461195, 0.29601900649774904]",20,0.6979166666666666,0.7388059701492538,24,6,0.7083333333333334,0.7555555555555555,10,5,0.7604166666666666,0.7912087912087912,7,10
0,1,sbr,0.5,-,-,-,-,130.254789352417,"[-0.1619359590188435, -3.352363512281733, 2.434241471158082, -1.6996800587210674, -0.0606291441643542, 1.2011925488794746, -0.02286388649313332, 0.6278557812149884, -0.6672785529934941, 0.4550410769235078, -0.07915863225651483, -0.55198502155442, 0.24218738143174096, 1.1418571101921133, 0.31112637219706146]",20,0.7222222222222222,0.7574626865671642,18,6,0.7291666666666666,0.7777777777777778,8,5,0.78125,0.8021978021978022,5,10
0,1,sbr,1,-,-,-,-,129.13918018341064,"[-0.5575393648018158, -2.998553637881767, 2.244530941155767, -1.6320574543135424, -0.05574241034286859, 1.5486347672847358, 0.002146050960633616, 0.6223665725157382, -0.6552942736835866, 0.41839046604608926, -0.13331059396961595, -0.5278807495222498, 0.2750948711923419, 1.1028997468692037, 0.32660168282361085]",20,0.7465277777777778,0.7723880597014925,15,6,0.75,0.7666666666666667,5,5,0.78125,0.8021978021978022,5,10
0,1,sbr,2,-,-,-,-,110.99391412734985,"[-1.1831271410987692, -2.4778986243009085, 1.836786361569559, -1.5349944141012068, -0.06729332478671247, 2.127307315819223, 0.041262531873040895, 0.6118735129047496, -0.6279514988186622, 0.3705583425616298, -0.2224139756542316, -0.4904579219062307, 0.3246113211987476, 1.025656057274994, 0.346433667510992]",20,0.7986111111111112,0.7835820895522388,0,6,0.8020833333333334,0.8,1,5,0.8125,0.8021978021978022,1,10
0,1,sbr,5,-,-,-,-,124.31578350067139,"[-2.143818410732615, -1.7679687226587826, 1.3889608194811605, -1.4642650353012299, -0.0955417655778165, 3.0583780206598234, 0.07811930697083555, 0.5958158750751187, -0.5918696610396035, 0.3221253989031794, -0.3158918167055686, -0.4500011222440284, 0.3776037318160539, 0.9279975617593546, 0.3674683963595802]",20,0.7951388888888888,0.7798507462686567,0,6,0.8125,0.8,0,5,0.8333333333333334,0.8241758241758241,0,10
0,1,sbr,10,-,-,-,-,121.78816509246826,"[-2.8647769471377296, -1.4189771567379674, 1.2221845535588967, -1.4424725215070646, -0.10964786504031332, 3.7694007134926912, 0.09083086239315484, 0.5874530211126111, -0.5767693356683087, 0.30199727326272946, -0.34867625780348577, -0.4345469800815536, 0.3998127591270977, 0.8877727358793398, 0.3762960911834605]",20,0.7951388888888888,0.7798507462686567,0,6,0.8125,0.8,0,5,0.8333333333333334,0.8241758241758241,0,10
0,1,sbr,100,-,-,-,-,108.31225848197937,"[-5.20137182155779, -0.9941555794100174, 1.1098516438222714, -1.4453482559697082, -0.12706993075807094, 6.097533949141879, 0.09961860945345052, 0.5803075981943462, -0.5625444452228682, 0.2857947503388334, -0.3723804454291477, -0.42153486079801944, 0.4209051052800342, 0.8523419967702385, 0.3857679447519254]",20,0.7916666666666666,0.7761194029850746,0,6,0.8125,0.8,0,5,0.8333333333333334,0.8241758241758241,0,0
0,1,sbr,500,-,-,-,-,112.3593602180481,"[-6.831868111189137, -1.0507331907139856, 1.1243606596254918, -1.4648027195367994, -0.14778266631922715, 7.746632334711567, 0.08767820625225245, 0.5939610995384448, -0.567443496052654, 0.29976988217664147, -0.3642907587342304, -0.4326613228312114, 0.4242102045222485, 0.8628448855258327, 0.39092871133446083]",20,0.7916666666666666,0.7761194029850746,0,6,0.8125,0.8,0,5,0.8333333333333334,0.8241758241758241,0,0
0,1,sbr,1000,-,-,-,-,130.2150275707245,"[-7.548387731222352, -1.206642195250076, 1.1421070344593365, -1.4814703756520755, -0.17414087239672627, 8.490631176445838, 0.07047536381025658, 0.6129983617535751, -0.5756466617412922, 0.31985801935409963, -0.3507924362623646, -0.4492071071276732, 0.42644615618508236, 0.8804323058508247, 0.3964605611180133]",20,0.7951388888888888,0.7798507462686567,0,6,0.8125,0.8,0,5,0.8333333333333334,0.8241758241758241,0,0
0,1,sbr,10000,-,-,-,-,172.54755759239197,"[-10.780491129334445, -2.9650795105249332, 1.9279335598315317, -1.9455530875134983, -0.5210071990934694, 12.118201044589433, -0.15960645145292635, 0.8457921244158036, -0.68990527119221, 0.7130730223393583, 0.023040284636127336, -0.6991468852489866, 0.3965122777121842, 1.1195224028442978, 0.44198723798582795]",20,0.8125,0.7985074626865671,0,6,0.78125,0.7666666666666667,0,5,0.7916666666666666,0.7802197802197802,0,0
0,1,sl,PP,-,-,-,-,129.34994769096375,"[0.2453628282400661, -3.7168121855766443, 2.5665155328541567, -1.7739415190110235, -0.0785344692305622, 0.8580133716217595, -0.045381895211988425, 0.6314971730023614, -0.6697857579325482, 0.4959908435869373, -0.030798370394004234, -0.574084981875916, 0.2095908649884537, 1.1674152204521222, 0.2923686919142504]",20,0.7777777777777778,0.7611940298507462,0,6,0.8125,0.8,0,5,0.8333333333333334,0.8241758241758241,0,0
0,1,sl,0,-,-,-,-,129.0414333343506,"[0.2453628282400661, -3.7168121855766443, 2.5665155328541567, -1.7739415190110235, -0.0785344692305622, 0.8580133716217595, -0.045381895211988425, 0.6314971730023614, -0.6697857579325482, 0.4959908435869373, -0.030798370394004234, -0.574084981875916, 0.2095908649884537, 1.1674152204521222, 0.2923686919142504]",20,0.6875,0.7276119402985075,26,6,0.7083333333333334,0.7555555555555555,10,5,0.7604166666666666,0.7912087912087912,7,10
0,1,sl,0.1,-,-,-,-,129.4188163280487,"[0.048605297294197686, -3.522233370461008, 2.400783055410569, -1.7317593457143454, -0.08252466296827246, 1.0351206408219404, -0.027365265166718375, 0.6260109286484579, -0.6580071063694457, 0.47440796675504143, -0.0702813491286359, -0.5566812586986626, 0.2272141368448325, 1.1341435198743417, 0.298950456846873]",20,0.7118055555555556,0.746268656716418,21,6,0.7083333333333334,0.7555555555555555,10,5,0.7708333333333334,0.7912087912087912,6,10
0,1,sl,0.5,-,-,-,-,109.4618592262268,"[-0.5044017690064521, -2.994594450311786, 1.9726916021021697, -1.6270465611203802, -0.09213779288764182, 1.5383826626965529, 0.01622078346944956, 0.6125617263055838, -0.6275540518889583, 0.4202041141981808, -0.16881755126504203, -0.5136870675106273, 0.2743747245087948, 1.0491592872316589, 0.317502858413436]",20,0.75,0.7723880597014925,14,6,0.75,0.7666666666666667,5,5,0.78125,0.8021978021978022,5,10
0,1,sl,1,-,-,-,-,125.09822177886963,"[-0.9360772787483526, -2.607078326261262, 1.7037142693291842, -1.5633329309871953, -0.09971822470725955, 1.938391164583608, 0.041888600336472306, 0.6038440593868468, -0.6087397243939994, 0.38467801282326375, -0.22941362493136647, -0.48687239892313305, 0.3071516983777226, 0.9945496450796316, 0.3316267174224456]",20,0.7881944444444444,0.7798507462686567,3,6,0.8020833333333334,0.8,1,5,0.8020833333333334,0.8021978021978022,2,10
0,1,sl,2,-,-,-,-,123.99896454811096,"[-1.4703836914363524, -2.174473115719041, 1.46320202097868, -1.5078174238431605, -0.10743046958882198, 2.4407278448063012, 0.0643478485515876, 0.5950488184723045, -0.5908775582112813, 0.3503483387712924, -0.2842260905313724, -0.46218909898356786, 0.34157420121954274, 0.9428318753276699, 0.3470961287767677]",20,0.7951388888888888,0.7798507462686567,0,6,0.8125,0.8,0,5,0.8125,0.8021978021978022,1,10
0,1,sl,5,-,-,-,-,121.0833044052124,"[-2.279778376356995, -1.6627626835643758, 1.2492856606519478, -1.4599896993672965, -0.11558705130978346, 3.215262108539463, 0.08427705784864231, 0.586114032893645, -0.5747685100171899, 0.31563611090340016, -0.3332735084916259, -0.4392690968109837, 0.37954021520874126, 0.8934394922731485, 0.3646489745688991]",20,0.7951388888888888,0.7798507462686567,0,6,0.8125,0.8,0,5,0.8333333333333334,0.8241758241758241,0,10
0,1,sl,10,-,-,-,-,122.7741448879242,"[-2.9355658980736896, -1.3752792867784012, 1.1668848367235813, -1.4445562226501887, -0.11990317224913358, 3.8529806969138307, 0.09284865845020923, 0.581738273896358, -0.5674915785433683, 0.2999897758213737, -0.35373728483478073, -0.4294080563641573, 0.3983979395056315, 0.8715864073841926, 0.3737262126254993]",20,0.7951388888888888,0.7798507462686567,0,6,0.8125,0.8,0,5,0.8333333333333334,0.8241758241758241,0,10
0,1,sl,100,-,-,-,-,109.44318652153015,"[-5.208665073958688, -0.9929771393842324, 1.1055476135969944, -1.4457952156400689, -0.12811582598868357, 6.106416498333365, 0.09970709296939809, 0.5796920442215969, -0.5614589904302542, 0.2858334839647358, -0.3725748571706239, -0.4211533439717284, 0.42035158866949013, 0.8509538247974073, 0.38536297781797413]",20,0.7916666666666666,0.7761194029850746,0,6,0.8125,0.8,0,5,0.8333333333333334,0.8241758241758241,0,0
0,1,sl,500,-,-,-,-,115.83679270744324,"[-6.83316869885812, -1.0568644533901, 1.1204964847863554, -1.4632044760592937, -0.1482467734610857, 7.748521222635847, 0.08767827895001729, 0.5939325457434647, -0.5673280875150377, 0.2997220970146864, -0.3643172948662651, -0.4325863002024052, 0.42418741161712653, 0.8626224489077988, 0.39087480324342305]",20,0.7916666666666666,0.7761194029850746,0,6,0.8125,0.8,0,5,0.8333333333333334,0.8241758241758241,0,0
0,1,sl,1000,-,-,-,-,122.32043313980103,"[-7.550424124144185, -1.1661205131577899, 1.160738702439317, -1.492958427828353, -0.17283101130434175, 8.490962713040878, 0.07071297982068919, 0.6129208724532801, -0.5754939945894755, 0.3201859463377056, -0.3509471450988846, -0.4488182303334153, 0.4255021070245679, 0.880261659633722, 0.39634345703588597]",20,0.7951388888888888,0.7798507462686567,0,6,0.8125,0.8,0,5,0.8333333333333334,0.8241758241758241,0,0
0,1,sl,10000,-,-,-,-,179.3674750328064,"[-10.782231152321897, -2.960759957045609, 1.9248961710380128, -1.9446597105986085, -0.51860343395079, 12.117855471822795, -0.1595618788400848, 0.8458294343815735, -0.6902731011007455, 0.7130385106582646, 0.022770941106871202, -0.6989479978167278, 0.3965604147290678, 1.1196942993453736, 0.44196075030930293]",20,0.8125,0.7985074626865671,0,6,0.78125,0.7666666666666667,0,5,0.7916666666666666,0.7802197802197802,0,0
0,2,sbr,PP,-,-,-,-,129.6986391544342,"[-0.09699623358732072, -0.4637764551230621, -2.2418375051497947, -1.598742963216191, 0.06974824823708507, 0.9113661546188718, 0.5445886781524775, 0.6296201436508222, -0.1724421732374675, 0.1442687565957684, 0.24649011084152336, -1.0490681960408326, 0.18495926103965382, 1.0013568965048516, 0.3378286367012668]",19,0.8055555555555556,0.79182156133829,0,5,0.8020833333333334,0.7912087912087912,0,7,0.75,0.7303370786516854,0,0
0,2,sbr,0,-,-,-,-,129.49527883529663,"[-0.09699623358732072, -0.4637764551230621, -2.2418375051497947, -1.598742963216191, 0.06974824823708507, 0.9113661546188718, 0.5445886781524775, 0.6296201436508222, -0.1724421732374675, 0.1442687565957684, 0.24649011084152336, -1.0490681960408326, 0.18495926103965382, 1.0013568965048516, 0.3378286367012668]",19,0.7256944444444444,0.7695167286245354,23,5,0.71875,0.7472527472527473,8,7,0.65625,0.6966292134831461,9,10
0,2,sbr,0.1,-,-,-,-,127.95865631103516,"[-0.1854602430514293, -0.3887371847484711, -2.234573143111185, -1.5788254277961584, 0.07631563316082546, 0.9830773784207403, 0.5508856176832342, 0.6254904084822488, -0.16769773047208866, 0.13871720380719565, 0.24660687072622808, -1.0489661285547094, 0.18960489338142247, 1.0003872838178443, 0.33593568812498625]",19,0.7256944444444444,0.7695167286245354,23,5,0.71875,0.7472527472527473,8,7,0.6770833333333334,0.7078651685393258,7,10
0,2,sbr,0.5,-,-,-,-,106.01816749572754,"[-0.5466266930240745, -0.029082920120534504, -2.189173534349337, -1.4990098968460541, 0.09909652045127718, 1.2752647158052794, 0.573985354012291, 0.6075262512537358, -0.14657785812131258, 0.11538604918871108, 0.23558552962985543, -1.0398079506882876, 0.20606868380353605, 0.9944348988800229, 0.33203882697002146]",19,0.75,0.7806691449814126,18,5,0.75,0.7692307692307693,5,7,0.6875,0.7078651685393258,6,10
0,2,sbr,1,-,-,-,-,129.66908168792725,"[-0.9684076317074849, 0.38447661940656275, -2.1283118929437777, -1.3711587173974207, 0.10278084142387438, 1.6322694487563647, 0.5926009630734167, 0.5843135283400172, -0.12140181359110773, 0.08142548295831877, 0.19895164718318498, -1.0138055547233407, 0.22157878219308336, 0.9785502219882143, 0.33287623019167106]",19,0.7743055555555556,0.79182156133829,11,5,0.7708333333333334,0.7692307692307693,3,7,0.7395833333333334,0.7303370786516854,2,10
0,2,sbr,2,-,-,-,-,127.16458106040955,"[-1.62292280456693, 1.2088408382799525, -1.9839790912710995, -1.1644487413679558, 0.07345946871266824, 2.223062363933897, 0.595086878575019, 0.5521234662156634, -0.09168103814090404, 0.011492678381488174, 0.09956297412124483, -0.9478369182652042, 0.22978001244096324, 0.9273265881100721, 0.33923308075996245]",19,0.8020833333333334,0.8029739776951673,5,5,0.8125,0.8021978021978022,0,7,0.7604166666666666,0.7415730337078652,1,10
0,2,sbr,5,-,-,-,-,124.76058173179626,"[-2.6081196686254535, 2.621127480251626, -1.7599465440284137, -0.9035303008981296, -0.004232344989017406, 3.1743656581204416, 0.5679482141683064, 0.5111140472505301, -0.06817691765862327, -0.09477898166105388, -0.03475870691034145, -0.8490336698659738, 0.20431452443733278, 0.8357502317764353, 0.34888836917296673]",19,0.8125,0.7992565055762082,0,5,0.8125,0.8021978021978022,0,7,0.7708333333333334,0.7528089887640449,0,0
0,2,sbr,10,-,-,-,-,122.18090844154358,"[-3.3476474473369553, 3.6274405748964558, -1.646984995790169, -0.7952780006979159, -0.04319507281330151, 3.8847170412390817, 0.5549839532065772, 0.4910046892951711, -0.06276373294705324, -0.1448802113755827, -0.08622464230599923, -0.8035459322578863, 0.18569390967212143, 0.7993138294209305, 0.35448411391612883]",19,0.8125,0.7992565055762082,0,5,0.8125,0.8021978021978022,0,7,0.7708333333333334,0.7528089887640449,0,0
0,2,sbr,100,-,-,-,-,124.35343289375305,"[-5.746848917989393, 6.262360776522282, -1.4707687499581925, -0.748046006695271, -0.10570525490177182, 6.174397338629617, 0.5510318803278924, 0.4759599751662557, -0.07458754192636508, -0.20750382052469873, -0.1397289699981708, -0.7483399332820582, 0.15719646504114215, 0.7898805890224548, 0.36824114763192617]",19,0.8125,0.7992565055762082,0,5,0.8125,0.8021978021978022,0,7,0.7708333333333334,0.7528089887640449,0,0
0,2,sbr,500,-,-,-,-,127.79548025131226,"[-7.4071718760140834, 7.298756792075914, -1.4501052241790051, -0.820583399805331, -0.12992401803612036, 7.795965043834856, 0.5583388557269345, 0.4836263891107299, -0.08815870392634931, -0.21530439952325933, -0.14496831838138866, -0.7476964551576339, 0.1430295764420728, 0.8085126051096914, 0.3755716406794602]",19,0.8125,0.7992565055762082,0,5,0.8125,0.8021978021978022,0,7,0.7708333333333334,0.7528089887640449,0,0
0,2,sbr,1000,-,-,-,-,130.59567761421204,"[-8.134211530813428, 7.4938584069766225, -1.475032386793142, -0.8886920876841193, -0.13823440181777863, 8.522830944382504, 0.5650336878688582, 0.4917161952695854, -0.0962770685257193, -0.21017098122787614, -0.1433712625819386, -0.7598287428065494, 0.13388800340079132, 0.8223618610499842, 0.37965267599871]",19,0.8090277777777778,0.7955390334572491,0,5,0.8125,0.8021978021978022,0,7,0.78125,0.7640449438202247,0,0
0,2,sbr,10000,-,-,-,-,183.8403925895691,"[-11.293384230603609, 3.7356180379529045, -2.453967734109378, -2.0818232809726296, 0.036459356238730645, 11.970441642918223, 0.6402265296812181, 0.6242682676584106, -0.22268718142732802, 0.08548266833711601, -0.17474968103943067, -1.0371102418321565, -0.06353934454556069, 1.0118603970671045, 0.39743524966508065]",19,0.8125,0.7992565055762082,0,5,0.7916666666666666,0.7802197802197802,0,7,0.78125,0.7640449438202247,0,0
0,2,sl,PP,-,-,-,-,129.5813615322113,"[-0.09699623358732072, -0.4637764551230621, -2.2418375051497947, -1.598742963216191, 0.06974824823708507, 0.9113661546188718, 0.5445886781524775, 0.6296201436508222, -0.1724421732374675, 0.1442687565957684, 0.24649011084152336, -1.0490681960408326, 0.18495926103965382, 1.0013568965048516, 0.3378286367012668]",19,0.8055555555555556,0.79182156133829,0,5,0.8020833333333334,0.7912087912087912,0,7,0.75,0.7303370786516854,0,0
0,2,sl,0,-,-,-,-,129.56456518173218,"[-0.09699623358732072, -0.4637764551230621, -2.2418375051497947, -1.598742963216191, 0.06974824823708507, 0.9113661546188718, 0.5445886781524775, 0.6296201436508222, -0.1724421732374675, 0.1442687565957684, 0.24649011084152336, -1.0490681960408326, 0.18495926103965382, 1.0013568965048516, 0.3378286367012668]",19,0.7256944444444444,0.7695167286245354,23,5,0.71875,0.7472527472527473,8,7,0.65625,0.6966292134831461,9,10
0,2,sl,0.1,-,-,-,-,128.84565234184265,"[-0.30700732067912795, -0.235994224643539, -2.1866107388560527, -1.5097985644415561, 0.05569307436443643, 1.1035926078210159, 0.5453840111201067, 0.6150814878426883, -0.16297452251632297, 0.11426689274333826, 0.2076306710178679, -1.0200959735038384, 0.18974985048552226, 0.9760346738608454, 0.33972048983836534]",19,0.7361111111111112,0.7732342007434945,21,5,0.71875,0.7472527472527473,8,7,0.6979166666666666,0.7191011235955056,6,10
0,2,sl,0.5,-,-,-,-,126.49833536148071,"[-0.8849810502946163, 0.45597476613251187, -2.033800070670659, -1.2814210900922733, 0.01738635700532978, 1.6376915580154325, 0.5433331186378257, 0.5766061927810558, -0.13661951738226757, 0.036575403585513824, 0.10738854775727151, -0.9463336438743577, 0.19416066503355983, 0.9091054336553623, 0.3441066903696511]",19,0.7847222222222222,0.7955390334572491,9,5,0.7708333333333334,0.7692307692307693,3,7,0.75,0.7303370786516854,1,10
0,2,sl,1,-,-,-,-,125.92836499214172,"[-1.333391697636818, 1.0270860436098483, -1.9260303478874148, -1.1262220405931866, -0.007554174554974335, 2.053756644453429, 0.5401468355830823, 0.5500076554383708, -0.11767359002335527, -0.016679134247096796, 0.04378478485608068, -0.898442362205824, 0.19145459146410396, 0.8641672921034091, 0.3464335225592361]",19,0.8020833333333334,0.8029739776951673,5,5,0.8020833333333334,0.7912087912087912,1,7,0.7604166666666666,0.7415730337078652,1,10
0,2,sl,2,-,-,-,-,120.75235414505005,"[-1.8878867601902838, 1.7577096798802516, -1.8126482312014087, -0.971964989278314, -0.030901661228526466, 2.5669771635501113, 0.5368560643665233, 0.5228318965478134, -0.09775394897664237, -0.07078932259719806, -0.015729477056396785, -0.8522102892089493, 0.18584122963668076, 0.8220223824762953, 0.3488233054435336]",19,0.8125,0.7992565055762082,0,5,0.8125,0.8021978021978022,0,7,0.7708333333333334,0.7528089887640449,0,10
0,2,sl,5,-,-,-,-,120.58159494400024,"[-2.7292175795232696, 2.8716526860519305, -1.683930515256332, -0.8187631222559023, -0.05432978512515193, 3.3426627332468404, 0.5362273046282114, 0.4950718192958203, -0.07764469216533547, -0.12906592256382238, -0.07380925343934538, -0.8052348334035964, 0.17758805011501033, 0.7861634178222251, 0.3524657295272239]",19,0.8125,0.7992565055762082,0,5,0.8125,0.8021978021978022,0,7,0.7708333333333334,0.7528089887640449,0,0
0,2,sl,10,-,-,-,-,121.20614218711853,"[-3.409074725081073, 3.737511485628076, -1.6139556639606008, -0.7549005967272234, -0.06873590597560449, 3.9726843502764204, 0.5382725318130306, 0.4825469003629875, -0.07003362163923062, -0.15948695941899024, -0.10196542980678776, -0.7823825269965045, 0.17263196167476275, 0.7753825824312374, 0.35617901559423115]",19,0.8125,0.7992565055762082,0,5,0.8125,0.8021978021978022,0,7,0.7708333333333334,0.7528089887640449,0,0
0,2,sl,100,-,-,-,-,126.25846266746521,"[-5.751955208566934, 6.2578397279502465, -1.4731020087790585, -0.7445839470655299, -0.10879127217585888, 6.183941907270871, 0.5493413097246906, 0.4751163386829062, -0.07567013821437088, -0.20857516284025385, -0.14057104098352563, -0.7466499323321234, 0.15621208961702254, 0.7874009608243441, 0.36835306573776205]",19,0.8125,0.7992565055762082,0,5,0.8125,0.8021978021978022,0,7,0.7708333333333334,0.7528089887640449,0,0
0,2,sl,500,-,-,-,-,131.87217783927917,"[-7.4083014677994115, 7.298556466984613, -1.4495971168125235, -0.8198210298561756, -0.13026332903634008, 7.7978819382821545, 0.5576797611300587, 0.4836454459391178, -0.08835733500896248, -0.21538942096326102, -0.14542079290980742, -0.7473196226867593, 0.1423311905328732, 0.8080501611834617, 0.37554085842077245]",19,0.8125,0.7992565055762082,0,5,0.8125,0.8021978021978022,0,7,0.7708333333333334,0.7528089887640449,0,0
0,2,sl,1000,-,-,-,-,138.9877257347107,"[-8.134796063784554, 7.493648463120475, -1.474811088017763, -0.8884496937889266, -0.13841391244397291, 8.523793704798633, 0.5647711993450975, 0.49173831534261425, -0.09639185123756286, -0.21020379054211, -0.14363774958932554, -0.759663750426415, 0.1334697441004928, 0.8221632440706995, 0.37964858827777337]",19,0.8090277777777778,0.7955390334572491,0,5,0.8125,0.8021978021978022,0,7,0.78125,0.7640449438202247,0,0
0,2,sl,10000,-,-,-,-,221.26734495162964,"[-11.296248867729636, 3.662473604713222, -2.4618177638040253, -2.07852469258553, 0.03958185903598871, 11.975592358809354, 0.6401849343732434, 0.623949348483011, -0.22161687862206506, 0.08685527508515602, -0.17524405231866566, -1.0380866992332616, -0.0629678390637498, 1.011384124985079, 0.39709507334065314]",19,0.8125,0.7992565055762082,0,5,0.7916666666666666,0.7802197802197802,0,7,0.78125,0.7640449438202247,0,0
0,3,sbr,PP,-,-,-,-,129.81768488883972,"[0.09764378658824328, -1.5684355118347046, 1.9509158514785514, -0.9978728535082446, 0.4096988449532444, 0.9804062040130289, 0.09179661776913842, 0.5884203317230702, -0.37900204295562095, 0.0055832242971605335, 0.4789389158966781, -0.4062717537888406, -0.5490380218466597, 0.40265846080503404, -0.4055099395081543]",17,0.7986111111111112,0.7859778597785978,0,9,0.8125,0.7931034482758621,0,5,0.8020833333333334,0.7912087912087912,0,0
0,3,sbr,0,-,-,-,-,129.9091558456421,"[0.09764378658824328, -1.5684355118347046, 1.9509158514785514, -0.9978728535082446, 0.4096988449532444, 0.9804062040130289, 0.09179661776913842, 0.5884203317230702, -0.37900204295562095, 0.0055832242971605335, 0.4789389158966781, -0.4062717537888406, -0.5490380218466597, 0.40265846080503404, -0.4055099395081543]",17,0.7361111111111112,0.7675276752767528,18,9,0.6979166666666666,0.7586206896551724,11,5,0.7083333333333334,0.7362637362637363,9,10
0,3,sbr,0.1,-,-,-,-,129.7432153224945,"[0.008720705106505598, -1.5098809831762747, 1.9564805526119209, -0.9760785027444608, 0.4226858083520683, 1.043983891895153, 0.10098539130187875, 0.5855784869926351, -0.3744284350159337, 0.0013975037728943974, 0.4783238570420384, -0.401644228479204, -0.5472754663297348, 0.4006218986012026, -0.4035590903978895]",17,0.7326388888888888,0.7638376383763837,18,9,0.6979166666666666,0.7586206896551724,11,5,0.7083333333333334,0.7362637362637363,9,10
0,3,sbr,0.5,-,-,-,-,113.03534173965454,"[-0.3519265277097184, -1.2799066094940725, 1.9639061992312932, -0.878778813793759, 0.4698387978192799, 1.3046522951511887, 0.1378343229176483, 0.5713568543957553, -0.3545280783128734, -0.014879313937113968, 0.4699388836068179, -0.37957159835880877, -0.5396320224694351, 0.39176058737105723, -0.39226637000725373]",17,0.7430555555555556,0.7712177121771218,16,9,0.7291666666666666,0.7816091954022989,9,5,0.7395833333333334,0.7692307692307693,7,10
0,3,sbr,1,-,-,-,-,129.78943824768066,"[-0.7805174190485895, -1.0083986436839207, 1.94579027435254, -0.7484883972085588, 0.5108397914099346, 1.6255878598821005, 0.17932173735025175, 0.5477516072702125, -0.3287004666872164, -0.03258026847521952, 0.4428256496193425, -0.347403244865714, -0.5294944005930463, 0.3792219741671246, -0.3725265017424048]",17,0.7638888888888888,0.7822878228782287,10,9,0.78125,0.7931034482758621,4,5,0.78125,0.8021978021978022,3,10
0,3,sbr,2,-,-,-,-,128.65144729614258,"[-1.4647379055599965, -0.5789272543767485, 1.8710028453879153, -0.5087674330784979, 0.5479667880582846, 2.164761274488223, 0.2340499090381238, 0.5022525241299278, -0.2875895046545991, -0.0583798661263342, 0.35021016540146865, -0.28838728033836036, -0.511718630421376, 0.35673919178343166, -0.3313632681678187]",17,0.7881944444444444,0.7859778597785978,3,9,0.8125,0.7931034482758621,1,5,0.8020833333333334,0.7912087912087912,0,10
0,3,sbr,5,-,-,-,-,124.97599244117737,"[-2.5305821057623854, 0.021520217466357516, 1.7589499717662473, -0.12800449666604627, 0.5649435018386116, 3.0683732227608003, 0.2859108832981361, 0.4366986872644277, -0.2358602966530304, -0.08753038714386706, 0.17456419808566734, -0.20591963223872625, -0.487001577409093, 0.3248881509465951, -0.27007386752992446]",17,0.7951388888888888,0.7822878228782287,0,9,0.8229166666666666,0.8045977011494253,0,5,0.8020833333333334,0.7912087912087912,0,10
0,3,sbr,10,-,-,-,-,121.96038603782654,"[-3.314032145429695, 0.3687272343923269, 1.731385500857708, 0.09142502639171443, 0.5684227044851019, 3.768088995324168, 0.30672288046786633, 0.40543486865014183, -0.2103871760289302, -0.10046788136948327, 0.09992255981568662, -0.16796763918575183, -0.47646591024119045, 0.3118595502859856, -0.2394120142746653]",17,0.7951388888888888,0.7822878228782287,0,9,0.8333333333333334,0.8160919540229885,0,5,0.8020833333333334,0.7912087912087912,0,10
0,3,sbr,100,-,-,-,-,125.8678081035614,"[-5.736718091207847, 0.9082873104373345, 1.7450943452185717, 0.4027117813675306, 0.5649837302675745, 6.0754024877078425, 0.3291502295263118, 0.3735188905928648, -0.1828353082213996, -0.11578871195660162, 0.03886758546497348, -0.12818103133368888, -0.4707273187671037, 0.3035007691888276, -0.20324129573558164]",17,0.7951388888888888,0.7822878228782287,0,9,0.8333333333333334,0.8160919540229885,0,5,0.8020833333333334,0.7912087912087912,0,0
0,3,sbr,500,-,-,-,-,130.55577492713928,"[-7.382580935874711, 0.9621651471746504, 1.7581143079739077, 0.4135131500670993, 0.5666145610850434, 7.707921286466996, 0.3312089952926399, 0.37755956637210564, -0.1839633463819621, -0.1144696070407161, 0.039573150996901375, -0.12628514332378812, -0.4720872458282212, 0.30783628682201297, -0.20175951489626845]",17,0.7951388888888888,0.7822878228782287,0,9,0.8333333333333334,0.8160919540229885,0,5,0.8020833333333334,0.7912087912087912,0,0
0,3,sbr,1000,-,-,-,-,132.23872351646423,"[-8.105939235988485, 0.934007466248828, 1.7672311077428184, 0.3777862770211754, 0.5708429093751285, 8.431999901497425, 0.330401088971959, 0.38685899658940953, -0.18781392001679098, -0.11018317979834436, 0.04550647062165871, -0.12911136282047708, -0.4728836535638442, 0.31380689550476465, -0.2045435881590489]",17,0.7951388888888888,0.7822878228782287,0,9,0.8333333333333334,0.8160919540229885,0,5,0.8020833333333334,0.7912087912087912,0,0
0,3,sbr,10000,-,-,-,-,177.60138869285583,"[-11.086975517625813, -1.345835342588892, 1.5599938659291093, -0.8429511499015263, 0.7792381782806007, 11.635559103701183, 0.23880288616524548, 0.5738039193499734, -0.24266112848201463, 0.015027155023698939, 0.18593109225269294, -0.27836562344108706, -0.41236264006660633, 0.41914466235521136, -0.21877780527904023]",17,0.7951388888888888,0.7822878228782287,0,9,0.8229166666666666,0.8045977011494253,0,5,0.8020833333333334,0.7912087912087912,0,0
0,3,sl,PP,-,-,-,-,132.24124789237976,"[0.09764378658824328, -1.5684355118347046, 1.9509158514785514, -0.9978728535082446, 0.4096988449532444, 0.9804062040130289, 0.09179661776913842, 0.5884203317230702, -0.37900204295562095, 0.0055832242971605335, 0.4789389158966781, -0.4062717537888406, -0.5490380218466597, 0.40265846080503404, -0.4055099395081543]",17,0.7986111111111112,0.7859778597785978,0,9,0.8125,0.7931034482758621,0,5,0.8020833333333334,0.7912087912087912,0,0
0,3,sl,0,-,-,-,-,132.2240583896637,"[0.09764378658824328, -1.5684355118347046, 1.9509158514785514, -0.9978728535082446, 0.4096988449532444, 0.9804062040130289, 0.09179661776913842, 0.5884203317230702, -0.37900204295562095, 0.0055832242971605335, 0.4789389158966781, -0.4062717537888406, -0.5490380218466597, 0.40265846080503404, -0.4055099395081543]",17,0.7361111111111112,0.7675276752767528,18,9,0.6979166666666666,0.7586206896551724,11,5,0.7083333333333334,0.7362637362637363,9,10
0,3,sl,0.1,-,-,-,-,132.27677392959595,"[-0.10966681090830191, -1.4199734618820177, 1.8983305436824023, -0.9242101716621628, 0.41881223077623314, 1.142265482321816, 0.11234925044731929, 0.5716338826179143, -0.364095955326482, -0.0036793638533044325, 0.43679053416185304, -0.3846271712665892, -0.5389303724602221, 0.3904485334860188, -0.3910648318346753]",17,0.7361111111111112,0.7675276752767528,18,9,0.7083333333333334,0.7701149425287356,11,5,0.71875,0.7472527472527473,8,10
0,3,sl,0.5,-,-,-,-,111.6900417804718,"[-0.7113644325899205, -1.0316272853287802, 1.7611685521884528, -0.6966352231135313, 0.450543111776208, 1.6113306543438042, 0.16707215366986186, 0.5249700101305026, -0.32330935985688664, -0.028503103994707794, 0.3209312203270579, -0.32369611990872676, -0.513341077233458, 0.3607107465264536, -0.34976377664957436]",17,0.7638888888888888,0.7822878228782287,10,9,0.78125,0.7931034482758621,4,5,0.78125,0.8021978021978022,3,10
0,3,sl,1,-,-,-,-,127.78897023200989,"[-1.1911055002088766, -0.699979179325994, 1.7045551752886205, -0.5297399338548165, 0.4756863237123838, 1.991903098948066, 0.20371141416556798, 0.49086227012585026, -0.2936652376848219, -0.04620310332430413, 0.24168569317231375, -0.2798887989400811, -0.49822207818609043, 0.3414406724644236, -0.319885139375531]",17,0.7881944444444444,0.7859778597785978,3,9,0.8020833333333334,0.7931034482758621,2,5,0.8020833333333334,0.7912087912087912,0,10
0,3,sl,2,-,-,-,-,125.53277587890625,"[-1.7880676443273618, -0.3452638073306715, 1.6596190443379502, -0.322655721493252, 0.5046709014594297, 2.4757684539394296, 0.24131432021995575, 0.4546124330029531, -0.2616492698602288, -0.06515602167129206, 0.16456287294287703, -0.23389252104354802, -0.4840945540541933, 0.32417263822911574, -0.2872737896976952]",17,0.7986111111111112,0.7859778597785978,0,9,0.8229166666666666,0.8045977011494253,0,5,0.8020833333333334,0.7912087912087912,0,10
0,3,sl,5,-,-,-,-,124.18220973014832,"[-2.6817396923357233, 0.11421930467203915, 1.6525103632205937, -0.051439542631337966, 0.5372256535225525, 3.2294082682284495, 0.2820345072236812, 0.41506273972261176, -0.2246390259195683, -0.08718807721610887, 0.09238138627995303, -0.18419471782517205, -0.4720498536332415, 0.3091906133058226, -0.2502427361919263]",17,0.7951388888888888,0.7822878228782287,0,9,0.8333333333333334,0.8160919540229885,0,5,0.8020833333333334,0.7912087912087912,0,10
0,3,sl,10,-,-,-,-,124.13416075706482,"[-3.3894608151516823, 0.39702872197147876, 1.6706748034446453, 0.12309767688708605, 0.5520287840323169, 3.854604261550305, 0.30295777848135197, 0.3950597510542177, -0.20510993347461923, -0.09894239860025147, 0.06198646433077868, -0.15902813321662904, -0.46824584219057913, 0.3040608577460991, -0.2300936690981859]",17,0.7951388888888888,0.7822878228782287,0,9,0.8333333333333334,0.8160919540229885,0,5,0.8020833333333334,0.7912087912087912,0,10
0,3,sl,100,-,-,-,-,127.71597170829773,"[-5.743684350456985, 0.9096238364703302, 1.7379829578091983, 0.4024477736438449, 0.5631621285370096, 6.084782173434709, 0.32842298110610035, 0.3726948798709182, -0.18247193563375813, -0.115505266463026, 0.035505283501135056, -0.12766056140024756, -0.4697299105712212, 0.3026374136641176, -0.20252594902846532]",17,0.7951388888888888,0.7822878228782287,0,9,0.8333333333333334,0.8160919540229885,0,5,0.8020833333333334,0.7912087912087912,0,0
0,3,sl,500,-,-,-,-,134.51158094406128,"[-7.383854705427409, 0.9467847018340566, 1.7539406967490054, 0.41686879467159116, 0.5661892631008912, 7.709910068404169, 0.3309402569305798, 0.3774337225868721, -0.1834005464044743, -0.11437031936178305, 0.038544366452147344, -0.1264887901835246, -0.47165356199075875, 0.3078617998824942, -0.20140663132120135]",17,0.7951388888888888,0.7822878228782287,0,9,0.8333333333333334,0.8160919540229885,0,5,0.8020833333333334,0.7912087912087912,0,0
0,3,sl,1000,-,-,-,-,140.20554518699646,"[-8.106698852265364, 0.926073648576516, 1.7650612756941735, 0.37934289082380473, 0.570544412282948, 8.433066630001408, 0.3304810431239709, 0.38668561452374806, -0.18789475420483237, -0.1103386605756709, 0.04549055341632957, -0.12901938352301004, -0.4727224840345125, 0.3138790045868425, -0.2042376639635048]",17,0.7951388888888888,0.7822878228782287,0,9,0.8333333333333334,0.8160919540229885,0,5,0.8020833333333334,0.7912087912087912,0,0
0,3,sl,10000,-,-,-,-,197.83119773864746,"[-11.08561632406806, -1.3378824223746644, 1.5622185006045581, -0.8429049918873959, 0.7770189271183928, 11.635264222840062, 0.2387446935758485, 0.5739533904104523, -0.24289998600856075, 0.014920600061760362, 0.18561951760808762, -0.27802916859128657, -0.41247391474945116, 0.4187969547132422, -0.21905936749070284]",17,0.7951388888888888,0.7822878228782287,0,9,0.8229166666666666,0.8045977011494253,0,5,0.8020833333333334,0.7912087912087912,0,0
0,4,sbr,PP,-,-,-,-,131.5789864063263,"[-0.24883224322427072, -0.8258639045114292, -1.2227420108961917, -0.822375667961416, 0.5046397362113159, 0.6215260360889489, 0.41602767631038595, 0.376201391337373, -0.03568275881942002, 0.05751449884203219, -0.10228296046155397, -0.36348346093048045, 0.6382068532800026, 0.914589328975439, 0.00240858814904761]",20,0.7986111111111112,0.7835820895522388,0,5,0.8020833333333334,0.7912087912087912,0,6,0.8125,0.8,0,0
0,4,sbr,0,-,-,-,-,131.69753670692444,"[-0.24883224322427072, -0.8258639045114292, -1.2227420108961917, -0.822375667961416, 0.5046397362113159, 0.6215260360889489, 0.41602767631038595, 0.376201391337373, -0.03568275881942002, 0.05751449884203219, -0.10228296046155397, -0.36348346093048045, 0.6382068532800026, 0.914589328975439, 0.00240858814904761]",20,0.7048611111111112,0.753731343283582,27,5,0.6875,0.7252747252747253,11,6,0.71875,0.7666666666666667,9,10
0,4,sbr,0.1,-,-,-,-,132.7127022743225,"[-0.33702169634493834, -0.7303463998483729, -1.2280334250233729, -0.8032684309133779, 0.5120129570447447, 0.692380155523241, 0.41708549284244945, 0.3784121848779162, -0.035700023181308986, 0.05304741780564694, -0.10358475610031742, -0.3621520588181472, 0.6442618148114262, 0.9139115945250896, 0.002524562730741616]",20,0.7152777777777778,0.7574626865671642,24,5,0.6875,0.7252747252747253,11,6,0.7083333333333334,0.7555555555555555,9,10
0,4,sbr,0.5,-,-,-,-,131.5853672027588,"[-0.6916945410175822, -0.3226129917490576, -1.2458270059904997, -0.7205307713605899, 0.5325631536491362, 0.9838102887574214, 0.4188496717470289, 0.3869858209201169, -0.036239023073347774, 0.032577309236336525, -0.11095777899571407, -0.355548689096438, 0.6696337610735, 0.9073304273564371, 0.004719766290723756]",20,0.7291666666666666,0.7611940298507462,19,5,0.75,0.7802197802197802,7,6,0.71875,0.7666666666666667,9,10
0,4,sbr,1,-,-,-,-,130.5000388622284,"[-1.100629180220891, 0.2166273604784565, -1.254213107462408, -0.616282073054569, 0.5313413607791516, 1.3394323146248739, 0.4140437883338208, 0.396498354677164, -0.038439846304261574, 0.0041050182582631385, -0.12644827407278778, -0.3457683882342213, 0.7011536096760448, 0.889068119516181, 0.009867233215304942]",20,0.7673611111111112,0.7761194029850746,9,5,0.78125,0.8021978021978022,4,6,0.75,0.7666666666666667,6,10
0,4,sbr,2,-,-,-,-,130.34073567390442,"[-1.7156176563633327, 1.1615311371994699, -1.2343207619422425, -0.4418624085426683, 0.4777214891799839, 1.919977110083334, 0.389801893645032, 0.4096420275363134, -0.04642048608400558, -0.0461601862516939, -0.16644473230805076, -0.3283259867304015, 0.7504125194042284, 0.838921061193777, 0.021993952003515588]",20,0.7951388888888888,0.7873134328358209,3,5,0.78125,0.7802197802197802,2,6,0.8125,0.8,1,10
0,4,sbr,5,-,-,-,-,124.71844387054443,"[-2.658571181895201, 2.7827744026921124, -1.1629119662549685, -0.21033292685298804, 0.36756625799621123, 2.8501381065101623, 0.3373432349677141, 0.4232135134354347, -0.06285753999993333, -0.11646897445216833, -0.23192515551242834, -0.30990242586415817, 0.816724387784741, 0.7573399418857716, 0.043643619338208955]",20,0.7986111111111112,0.7835820895522388,0,5,0.8020833333333334,0.7912087912087912,0,6,0.8229166666666666,0.8111111111111111,0,10
0,4,sbr,10,-,-,-,-,123.67928171157837,"[-3.386876365446301, 4.011812797080207, -1.1174984597741013, -0.10235016988476944, 0.3174044867183627, 3.550202794837755, 0.30777123235600573, 0.42982873479820416, -0.07145613047942809, -0.15345117838601988, -0.2634116915500368, -0.30667167655611877, 0.8548222954527539, 0.7225501801734289, 0.05745149891275227]",20,0.7986111111111112,0.7835820895522388,0,5,0.8020833333333334,0.7912087912087912,0,6,0.8229166666666666,0.8111111111111111,0,0
0,4,sbr,100,-,-,-,-,123.76032996177673,"[-5.79516560279491, 7.5474259923399325, -1.007494433833911, -0.0054818485060180375, 0.25129291381659974, 5.815678289653564, 0.27004695535965967, 0.44675955255681016, -0.08958156583461445, -0.21736187484958958, -0.3037809973073605, -0.30191399403855373, 0.8992479084394256, 0.7068211297735926, 0.08341937799280176]",20,0.7986111111111112,0.7835820895522388,0,5,0.8020833333333334,0.7912087912087912,0,6,0.8229166666666666,0.8111111111111111,0,0
0,4,sbr,500,-,-,-,-,129.45547008514404,"[-7.48457971124897, 9.473782324893802, -0.9555394290313396, -0.03172365807314066, 0.22551722552596237, 7.413328852040595, 0.2702868517100227, 0.4580974180097935, -0.10148846997450363, -0.23764298864415503, -0.30761248243762956, -0.2896928544634265, 0.8885096576972139, 0.7237106535131509, 0.09291238454310556]",20,0.7986111111111112,0.7835820895522388,0,5,0.8020833333333334,0.7912087912087912,0,6,0.8229166666666666,0.8111111111111111,0,0
0,4,sbr,1000,-,-,-,-,132.952232837677,"[-8.23112705321837, 10.150540095771042, -0.9474078514368676, -0.07586029909380648, 0.21981266031311628, 8.120742246175492, 0.2777274768174037, 0.4663979925869268, -0.10639134115011882, -0.2406793485300038, -0.304436096331324, -0.2834563167691851, 0.8872331788452866, 0.7359893926807772, 0.09755467495583331]",20,0.7986111111111112,0.7835820895522388,0,5,0.8020833333333334,0.7912087912087912,0,6,0.8229166666666666,0.8111111111111111,0,0
0,4,sbr,10000,-,-,-,-,178.48066544532776,"[-11.21882107932574, 11.749873310742908, -1.2956013048848793, -1.5486329710696674, 0.2766033812813589, 10.993027622680742, 0.4734945356243254, 0.5785230914459277, -0.12787959320710812, -0.1439041875757066, -0.2521016843474908, -0.27623361484328035, 1.0086346564735884, 0.8728818814515406, 0.15553449516379608]",20,0.7951388888888888,0.7798507462686567,0,5,0.8020833333333334,0.7912087912087912,0,6,0.8125,0.8,0,0
0,4,sl,PP,-,-,-,-,132.00250935554504,"[-0.24883224322427072, -0.8258639045114292, -1.2227420108961917, -0.822375667961416, 0.5046397362113159, 0.6215260360889489, 0.41602767631038595, 0.376201391337373, -0.03568275881942002, 0.05751449884203219, -0.10228296046155397, -0.36348346093048045, 0.6382068532800026, 0.914589328975439, 0.00240858814904761]",20,0.7986111111111112,0.7835820895522388,0,5,0.8020833333333334,0.7912087912087912,0,6,0.8125,0.8,0,0
0,4,sl,0,-,-,-,-,132.28220868110657,"[-0.24883224322427072, -0.8258639045114292, -1.2227420108961917, -0.822375667961416, 0.5046397362113159, 0.6215260360889489, 0.41602767631038595, 0.376201391337373, -0.03568275881942002, 0.05751449884203219, -0.10228296046155397, -0.36348346093048045, 0.6382068532800026, 0.914589328975439, 0.00240858814904761]",20,0.7048611111111112,0.753731343283582,27,5,0.6875,0.7252747252747253,11,6,0.71875,0.7666666666666667,9,10
0,4,sl,0.1,-,-,-,-,129.90926671028137,"[-0.444521433649592, -0.5567930410531776, -1.213879192365695, -0.7601017473420975, 0.4817680319663063, 0.8120393559235272, 0.40724609694496683, 0.3802597840242577, -0.0412094711998544, 0.036997554739341965, -0.11622846139351085, -0.3529134195621396, 0.6515709707635182, 0.8927959961366608, 0.006943644313992293]",20,0.71875,0.7611940298507462,23,5,0.6979166666666666,0.7362637362637363,10,6,0.7083333333333334,0.7555555555555555,9,10
0,4,sl,0.5,-,-,-,-,128.8078577518463,"[-0.989767402536112, 0.2309867206085528, -1.1866637102316435, -0.582797926407754, 0.4216079876010344, 1.339576559470164, 0.38150600648620864, 0.3901972701032209, -0.05437220179958571, -0.015586484307857203, -0.1564566792953198, -0.32735669595034506, 0.6887889614067088, 0.8345585376085951, 0.020246082647298647]",20,0.7638888888888888,0.7761194029850746,10,5,0.78125,0.8021978021978022,4,6,0.75,0.7666666666666667,6,10
0,4,sl,1,-,-,-,-,125.13309526443481,"[-1.417197452248242, 0.8928678154077363, -1.1653183464747279, -0.4533090055194059, 0.3804940007398802, 1.7495301765020423, 0.36096047439023765, 0.39718597825813357, -0.06263863352420165, -0.051917931521984484, -0.18549584572023567, -0.3131532437455238, 0.7189536315964705, 0.7942581064884233, 0.02990218046467874]",20,0.7881944444444444,0.7835820895522388,4,5,0.78125,0.7802197802197802,2,6,0.8020833333333334,0.8,2,10
0,4,sl,2,-,-,-,-,122.92207932472229,"[-1.9521478707191768, 1.7518278629118782, -1.141920722411924, -0.3140043369520939, 0.3410216846787344, 2.255169011849364, 0.33758005339195757, 0.40508382659874437, -0.06990173148789279, -0.08993881699527013, -0.21624126348886327, -0.3029442081351079, 0.7562439400668239, 0.7547069276671141, 0.04068817984563644]",20,0.7986111111111112,0.7835820895522388,0,5,0.7916666666666666,0.7802197802197802,1,6,0.8229166666666666,0.8111111111111111,0,10
0,4,sl,5,-,-,-,-,121.6976797580719,"[-2.7751642772201097, 3.08977114530178, -1.1142053678734254, -0.15898385860272252, 0.3039431946235089, 3.019683242886344, 0.3094588602122657, 0.41633651404726707, -0.07600241471591329, -0.13452080683362935, -0.2510686080527125, -0.2992966371692091, 0.8095697219864811, 0.7175462493193906, 0.054453864393985606]",20,0.7986111111111112,0.7835820895522388,0,5,0.8020833333333334,0.7912087912087912,0,6,0.8229166666666666,0.8111111111111111,0,0
0,4,sl,10,-,-,-,-,121.87062668800354,"[-3.450032556394668, 4.1768592291745374, -1.0905924792149724, -0.0818619720573961, 0.2869865290358811, 3.6407126076584175, 0.2933570801529439, 0.4249269886812204, -0.07874955201957022, -0.16155797590173868, -0.27109860576270145, -0.3013980163732564, 0.8458619968094603, 0.7032606539178899, 0.06348625710812639]",20,0.7986111111111112,0.7835820895522388,0,5,0.8020833333333334,0.7912087912087912,0,6,0.8229166666666666,0.8111111111111111,0,0
0,4,sl,100,-,-,-,-,126.51015424728394,"[-5.801686312017967, 7.553642721604885, -1.0074565914342366, -0.002534960639511268, 0.24817422024611308, 5.8256564022784785, 0.26865720322828096, 0.44596891187612786, -0.09053374488153265, -0.21807746765507602, -0.3041168305773643, -0.3013626488035349, 0.8972378411215578, 0.7050162181570423, 0.08409758329583704]",20,0.7986111111111112,0.7835820895522388,0,5,0.8020833333333334,0.7912087912087912,0,6,0.8229166666666666,0.8111111111111111,0,0
0,4,sl,500,-,-,-,-,132.03148698806763,"[-7.485773648228644, 9.471636780966778, -0.9565597636015962, -0.03083893838184874, 0.22478987038041645, 7.415377399632828, 0.26998175142957387, 0.4579289598759531, -0.10192887960455324, -0.23765504007735805, -0.3074347381114262, -0.28964011012588553, 0.8880579925852687, 0.7234747037961841, 0.09320554854350653]",20,0.7986111111111112,0.7835820895522388,0,5,0.8020833333333334,0.7912087912087912,0,6,0.8229166666666666,0.8111111111111111,0,0
0,4,sl,1000,-,-,-,-,136.624520778656,"[-8.231899204184549, 10.15021179090104, -0.9467367688744676, -0.075611157664538, 0.21940759423420855, 8.12177826303523, 0.2777035342618458, 0.466332772984177, -0.10642261056183479, -0.2407965367011927, -0.3044223984778616, -0.28329869283550085, 0.8868940631059645, 0.7358368643062944, 0.09763787342816825]",20,0.7986111111111112,0.7835820895522388,0,5,0.8020833333333334,0.7912087912087912,0,6,0.8229166666666666,0.8111111111111111,0,0
0,4,sl,10000,-,-,-,-,167.49263048171997,"[-11.217907536707468, 11.733708161697145, -1.2964769786593475, -1.5458073100584844, 0.27557728284320154, 10.993418448415055, 0.4732448762847526, 0.5788078577745389, -0.1282991790990125, -0.14397859371429444, -0.25205672117158495, -0.27647932243167517, 1.0085906346204112, 0.8726627004122262, 0.15547347178940069]",20,0.7951388888888888,0.7798507462686567,0,5,0.8020833333333334,0.7912087912087912,0,6,0.8125,0.8,0,0
0,5,sbr,PP,-,-,-,-,122.89518356323242,"[0.8129885261864466, -0.45079377457498915, -1.4254768512845035, -0.8765815154926732, -1.8887697450052823, 1.2903099008462047, 0.3434628461189918, 0.6775932799261409, -0.149178040485486, 0.052073973396434214, 0.26960088916199737, -0.24937600040245933, -0.5861965407592907, 1.049683373366288, -0.033451210805853664]",13,0.8159722222222222,0.8072727272727273,0,10,0.8333333333333334,0.813953488372093,0,8,0.7604166666666666,0.7386363636363636,0,0
0,5,sbr,0,-,-,-,-,122.62572526931763,"[0.8129885261864466, -0.45079377457498915, -1.4254768512845035, -0.8765815154926732, -1.8887697450052823, 1.2903099008462047, 0.3434628461189918, 0.6775932799261409, -0.149178040485486, 0.052073973396434214, 0.26960088916199737, -0.24937600040245933, -0.5861965407592907, 1.049683373366288, -0.033451210805853664]",13,0.7708333333333334,0.7890909090909091,13,10,0.7083333333333334,0.7674418604651163,12,8,0.6875,0.7159090909090909,7,10
0,5,sbr,0.1,-,-,-,-,131.86880326271057,"[0.7357632803190182, -0.3873417384905887, -1.4271507271386565, -0.8550531997177105, -1.8922894233671672, 1.3604412869319034, 0.34585542583028744, 0.6763798726477661, -0.1509021980405224, 0.04572680947747587, 0.27152414941220854, -0.24725635250638844, -0.5831083242836715, 1.0477657349052558, -0.032563450322114496]",13,0.7777777777777778,0.7927272727272727,12,10,0.71875,0.7790697674418605,11,8,0.6979166666666666,0.7272727272727273,7,10
0,5,sbr,0.5,-,-,-,-,122.86546158790588,"[0.44127141554902055, -0.08946506811129262, -1.4015332343179996, -0.7907524526773468, -1.9168060040953991, 1.6366200904258206, 0.35263717747314405, 0.6734779497256361, -0.15686036762578306, 0.019458246042054626, 0.27088583044429004, -0.23720121969888536, -0.575391168650884, 1.0390102030479809, -0.028902792260169417]",13,0.8020833333333334,0.8072727272727273,5,10,0.7604166666666666,0.7790697674418605,7,8,0.7083333333333334,0.7386363636363636,6,10
0,5,sbr,1,-,-,-,-,114.93257164955139,"[0.09368447220424107, 0.2274154158248816, -1.3888814754450027, -0.6956669301336308, -1.9334614318365786, 1.95504940307712, 0.35966444967132405, 0.6677842149668726, -0.15871783874257883, -0.00677623460449461, 0.2652615718662063, -0.22472136388822755, -0.5696535191563977, 1.0247820079966032, -0.0246625651639823]",13,0.8090277777777778,0.8072727272727273,3,10,0.7916666666666666,0.7906976744186046,5,8,0.7291666666666666,0.75,4,10
0,5,sbr,2,-,-,-,-,126.71970176696777,"[-0.44873121522910325, 0.7729056882489578, -1.3500629309298045, -0.5663722031938091, -1.958949474741919, 2.4600555298204965, 0.36588297444060885, 0.6573247663381828, -0.1525059382262685, -0.038390313203394075, 0.23427481957736998, -0.20513240640498326, -0.5693326933014734, 0.9942494156803632, -0.02156472935726293]",13,0.8159722222222222,0.8109090909090909,1,10,0.8229166666666666,0.813953488372093,2,8,0.75,0.7386363636363636,1,10
0,5,sbr,5,-,-,-,-,130.10729932785034,"[-1.368372602339787, 1.7397074412428517, -1.3070539201265154, -0.3786581480405548, -1.9751201754291776, 3.310346094861069, 0.3681091521993122, 0.6400917742893452, -0.13190992640350355, -0.06810172147833198, 0.14440380950337459, -0.17717173295765806, -0.5809772996456608, 0.9426642915762784, -0.017725438879570114]",13,0.8159722222222222,0.8072727272727273,0,10,0.84375,0.8255813953488372,0,8,0.7708333333333334,0.75,0,10
0,5,sbr,10,-,-,-,-,112.7036120891571,"[-2.094336533867729, 2.4982718933189543, -1.2901794935737338, -0.28042715657421596, -1.988563814251451, 3.9896445607282147, 0.36774028835713807, 0.6322108517218673, -0.11736531336552294, -0.0796913508457153, 0.08664608302842874, -0.16247857444705502, -0.5942598720810521, 0.9163380453916522, -0.014220729630857505]",13,0.8159722222222222,0.8072727272727273,0,10,0.84375,0.8255813953488372,0,8,0.7708333333333334,0.75,0,10
0,5,sbr,100,-,-,-,-,130.17238354682922,"[-4.422982927944053, 4.882202755583219, -1.2242951157531634, -0.1874025296373355, -2.119547883079301, 6.253965997515017, 0.36501925451594636, 0.6369733587108758, -0.10520046586924568, -0.09490082371824508, 0.03479961692801801, -0.13488071013032993, -0.6530604660512213, 0.8990275704187157, -0.003889360469013681]",13,0.8125,0.8036363636363636,0,10,0.8229166666666666,0.8023255813953488,0,8,0.7708333333333334,0.75,0,0
0,5,sbr,500,-,-,-,-,133.26886892318726,"[-6.053314886628159, 6.492252391485804, -1.163671261523122, -0.27175549761745277, -2.205717186656554, 7.858559640640537, 0.36203509190285, 0.6568196263882767, -0.10792411600481752, -0.09754818575286199, 0.04611073635333493, -0.12358463090160604, -0.6960337146115801, 0.9105281112583491, 0.0015858336030807325]",13,0.8125,0.8036363636363636,0,10,0.8229166666666666,0.8023255813953488,0,8,0.7708333333333334,0.75,0,0
0,5,sbr,1000,-,-,-,-,136.98719215393066,"[-6.774517569827832, 7.188937245129866, -1.1438907506964062, -0.3673262570821681, -2.235736425036663, 8.571734767225523, 0.35997359729025613, 0.6718903327802657, -0.10921193853374987, -0.0957710310580489, 0.057636265217881434, -0.12187723836416718, -0.7145491238526713, 0.9218616758146786, 0.004402576982112157]",13,0.8125,0.8036363636363636,0,10,0.8333333333333334,0.813953488372093,0,8,0.7708333333333334,0.75,0,0
0,5,sbr,10000,-,-,-,-,166.98525094985962,"[-9.756331124201242, 10.03923177166201, -1.3460265039913264, -1.8100804387225842, -2.1940028652115506, 11.573190149735554, 0.3342415741914481, 0.8394001772042688, -0.1397105205146827, -0.024428094938077058, 0.20451171142750318, -0.21133356444866747, -0.8009974450450476, 1.0951292532547854, 0.025061808486121204]",13,0.8125,0.8036363636363636,0,10,0.8229166666666666,0.8023255813953488,0,8,0.78125,0.7613636363636364,0,0
0,5,sl,PP,-,-,-,-,123.30433702468872,"[0.8129885261864466, -0.45079377457498915, -1.4254768512845035, -0.8765815154926732, -1.8887697450052823, 1.2903099008462047, 0.3434628461189918, 0.6775932799261409, -0.149178040485486, 0.052073973396434214, 0.26960088916199737, -0.24937600040245933, -0.5861965407592907, 1.049683373366288, -0.033451210805853664]",13,0.8159722222222222,0.8072727272727273,0,10,0.8333333333333334,0.813953488372093,0,8,0.7604166666666666,0.7386363636363636,0,0
0,5,sl,0,-,-,-,-,123.48230957984924,"[0.8129885261864466, -0.45079377457498915, -1.4254768512845035, -0.8765815154926732, -1.8887697450052823, 1.2903099008462047, 0.3434628461189918, 0.6775932799261409, -0.149178040485486, 0.052073973396434214, 0.26960088916199737, -0.24937600040245933, -0.5861965407592907, 1.049683373366288, -0.033451210805853664]",13,0.7708333333333334,0.7890909090909091,13,10,0.7083333333333334,0.7674418604651163,12,8,0.6875,0.7159090909090909,7,10
0,5,sl,0.1,-,-,-,-,131.40682792663574,"[0.6543464148248272, -0.296891835080742, -1.419752254379922, -0.8305200830821525, -1.8904584623801457, 1.4353640621840127, 0.3457131971110598, 0.6723122715227734, -0.1498028444764643, 0.03970401436515465, 0.2554246379847312, -0.24121988724958485, -0.5816981119561737, 1.033846119625457, -0.03290480206874]",13,0.78125,0.7927272727272727,11,10,0.71875,0.7790697674418605,11,8,0.6979166666666666,0.7272727272727273,7,10
0,5,sl,0.5,-,-,-,-,115.07434320449829,"[0.1857739675137795, 0.1892738353315391, -1.3881939512983503, -0.7053305535766435, -1.901192914544251, 1.8673416491191992, 0.3500199823444674, 0.6592695836099124, -0.14835967439205983, 0.0053877816395302945, 0.20854539213651463, -0.21930642101161849, -0.5732410335441835, 0.9916068711961182, -0.03065867098353896]",13,0.8055555555555556,0.8072727272727273,4,10,0.7916666666666666,0.7906976744186046,5,8,0.71875,0.7386363636363636,5,10
0,5,sl,1,-,-,-,-,129.02942728996277,"[-0.20894372035923506, 0.600419488999395, -1.3654025484277097, -0.6059883822541551, -1.9084967152882295, 2.229940012688033, 0.3531021338608665, 0.6496007541707983, -0.14388520124699303, -0.017951209900968306, 0.16939927466719093, -0.20416518840507483, -0.5702625870049987, 0.9618387665734522, -0.02878042134003185]",13,0.8159722222222222,0.8109090909090909,1,10,0.8020833333333334,0.8023255813953488,4,8,0.7395833333333334,0.7386363636363636,2,10
0,5,sl,2,-,-,-,-,126.85752820968628,"[-0.7204820028305028, 1.128928234255, -1.3434800031772445, -0.48989912144738584, -1.9193661091220284, 2.7011508315975563, 0.35601856697950607, 0.6393722455763111, -0.1356528716997453, -0.04078058076749563, 0.12442137049816063, -0.1878993577464745, -0.5712691336854274, 0.9324490553187251, -0.02551220142105988]",13,0.8159722222222222,0.8072727272727273,0,10,0.84375,0.8255813953488372,0,8,0.7604166666666666,0.7386363636363636,0,10
0,5,sl,5,-,-,-,-,126.86149525642395,"[-1.5186608881520105, 1.950745268400153, -1.3173564775600322, -0.3494893607139783, -1.945869611404159, 3.4454848241345135, 0.3599121917946649, 0.6291980230407156, -0.12191545828444224, -0.06421906097821797, 0.07239372804438055, -0.16925331652406078, -0.580918096831183, 0.904933883671268, -0.020044058968847433]",13,0.8159722222222222,0.8072727272727273,0,10,0.84375,0.8255813953488372,0,8,0.7708333333333334,0.75,0,10
0,5,sl,10,-,-,-,-,110.33672904968262,"[-2.1757470583737035, 2.6151883002922767, -1.301276927928681, -0.27078749474100733, -1.9715088676151526, 4.0643810467079415, 0.36241957767366173, 0.6265299596091132, -0.1126106726619475, -0.07644698905015504, 0.04698999875049147, -0.15919714971863724, -0.5932310651984477, 0.8953588984407636, -0.015314674824095336]",13,0.8159722222222222,0.8072727272727273,0,10,0.8333333333333334,0.813953488372093,0,8,0.7708333333333334,0.75,0,0
0,5,sl,100,-,-,-,-,130.01079559326172,"[-4.431626425511665, 4.8955993189774025, -1.2260288998544724, -0.18821775261309312, -2.1175650954748346, 6.262304560944451, 0.36436625692249863, 0.6364061967724925, -0.10478088783583488, -0.09430510011973271, 0.030341539558608487, -0.13459068918100178, -0.6528347371843403, 0.8966437265622094, -0.0040846613152715795]",13,0.8125,0.8036363636363636,0,10,0.8229166666666666,0.8023255813953488,0,8,0.7708333333333334,0.75,0,0
0,5,sl,500,-,-,-,-,137.1947135925293,"[-6.055608260262988, 6.495180134989026, -1.1635981224865029, -0.2720545572676657, -2.204633755874358, 7.860233667969799, 0.36190516397500916, 0.6567327464893857, -0.10752017865396486, -0.09734474941490855, 0.045061963067532046, -0.12348476002340683, -0.6959283288434174, 0.9100296190189359, 0.001479125482052052]",13,0.8125,0.8036363636363636,0,10,0.8229166666666666,0.8023255813953488,0,8,0.7708333333333334,0.75,0,0
0,5,sl,1000,-,-,-,-,143.02893590927124,"[-6.775351168250048, 7.190530570557427, -1.144299536899806, -0.36769663906998157, -2.235599698030818, 8.572568465072987, 0.3598792174682145, 0.6718534537668606, -0.1090777921382054, -0.09563867967119309, 0.05705802094955363, -0.1218845702374361, -0.7143316209689611, 0.9216992414361352, 0.004435393381748447]",13,0.8125,0.8036363636363636,0,10,0.8333333333333334,0.813953488372093,0,8,0.7708333333333334,0.75,0,0
0,5,sl,10000,-,-,-,-,189.8273468017578,"[-9.757785150234136, 10.041433553335633, -1.3484274382197983, -1.810485306424647, -2.193109372664473, 11.573666462054147, 0.33446177255639753, 0.8394941269587823, -0.13939164658559727, -0.024054978189112453, 0.20461207796885025, -0.21147120052092735, -0.8009287188630207, 1.0953594386683403, 0.025148005560134683]",13,0.8125,0.8036363636363636,0,10,0.8229166666666666,0.8023255813953488,0,8,0.78125,0.7613636363636364,0,0
