,group,average_loudness,chords_changes_rate,chords_number_rate,bpm,danceability,tuning_diatonic_strength,Music Style
0,The Beatles,0.930424630642,0.0420470945537,0.00168188370299,113.21018219,1.22559845448,0.736696958542,Pop
0,David Bowie,0.826200187206,0.0830917879939,0.00212560384534,109.254180908,1.20661997795,0.529139399529,Pop
0,David Bowie,0.86802649498,0.0758553892374,0.00274370564148,109.794769287,1.36874985695,0.648131549358,Rock
0,David Bowie,0.480393469334,0.0360633172095,0.00151410873514,114.135154724,1.055139184,0.637846708298,Pop
0,David Bowie,0.829801082611,0.0451565906405,0.00291332858615,125.799507141,1.26092243195,0.614352047443,Rock
0,David Bowie,0.954200863838,0.0471800416708,0.00180766452104,134.419052124,1.31385195255,0.565534114838,Pop
0,David Bowie,0.954576790333,0.0371026806533,0.00141793687362,114.943099976,1.30809211731,0.609164059162,Rock
0,The Beatles,0.907901763916,0.0609791018069,0.00372172915377,178.205627441,1.29400146008,0.53638869524,Pop
0,The Beatles,0.792809486389,0.0634780004621,0.00324771180749,110.755180359,1.25884759426,0.767261743546,Pop
0,The Beatles,0.900569438934,0.0477132275701,0.00247218785807,129.322601318,1.15379285812,0.678756833076,Pop
0,The Beatles,0.957270085812,0.0444828346372,0.00172748870682,152.742080688,1.04972290993,0.669846892357,Pop
0,The Beatles,0.956856012344,0.0540714524686,0.00289668492042,148.106964111,1.26069259644,0.736156404018,Pop
0,The Beatles,0.934394001961,0.10643415153,0.00481058331206,138.86895752,1.21218538284,0.683757066727,Pop
0,The Beatles,0.760238111019,0.0733442828059,0.00383141753264,137.41885376,1.04878258705,0.535427808762,Pop
0,The Beatles,0.88502317667,0.0632711201906,0.0034799114801,130.625717163,0.99334281683,0.710078418255,Pop
0,The Beatles,0.885452449322,0.077077075839,0.00400400394574,109.105407715,1.06524658203,0.571225941181,Pop
0,The Beatles,0.754467785358,0.0457734726369,0.00233879056759,155.987472534,1.0031979084,0.674095332623,Pop
0,David Bowie,0.806877911091,0.036153037101,0.00210600206628,129.508178711,1.17223441601,0.587490558624,Electronic
0,David Bowie,0.849681675434,0.0626259744167,0.00201554852538,150.050170898,0.99193584919,0.557306706905,Rock
0,David Bowie,0.785290420055,0.044253103435,0.00300360424444,123.608947754,1.05379962921,0.583589553833,Rock
0,Metallica,0.563331305981,0.0477365069091,0.00130586186424,135.826049805,0.989891171455,0.54926866293,Rock
0,Metallica,0.478624016047,0.0353475026786,0.00083592068404,142.600906372,1.21252441406,0.509324789047,Rock
0,Metallica,0.845970332623,0.0588870234787,0.00107939552981,139.51348877,1.21581244469,0.555359780788,Metal
0,Metallica,0.459754377604,0.0548787415028,0.00113856315147,146.720596313,1.13594567776,0.533516168594,Rock
0,David Bowie,0.941326320171,0.0527950301766,0.0033444815781,163.553451538,1.19292461872,0.688599944115,Rock
0,David Bowie,0.854055523872,0.0362782739103,0.00170721299946,112.600257874,1.09558582306,0.594634473324,Rock
0,David Bowie,0.663404107094,0.0444324500859,0.00215866160579,100.703765869,1.13143801689,0.743248164654,Pop
0,David Bowie,0.485699117184,0.0767903327942,0.00388265750371,114.013687134,1.13120889664,0.614577114582,Pop
0,David Bowie,0.883197665215,0.0604395605624,0.00103021983523,126.521499634,1.27597808838,0.528731048107,Rock
0,David Bowie,0.591469109058,0.0438106432557,0.00161717145238,136.574859619,1.06828916073,0.536446690559,Pop
0,David Bowie,0.906098008156,0.0668997690082,0.00349650345743,164.548141479,1.02932846546,0.654355406761,Rock
0,Metallica,0.944274783134,0.0689100399613,0.00174286100082,91.2024841309,1.0617634058,0.638226985931,Metal
0,Metallica,0.82567191124,0.0729092955589,0.00182020431384,132.116241455,1.15188229084,0.636664271355,Metal
0,Metallica,0.937752902508,0.0702797994018,0.00165234634187,139.231384277,1.21632993221,0.656886816025,Metal
0,Metallica,0.911278009415,0.0796002745628,0.00149322301149,131.526992798,1.22196304798,0.563181757927,Metal
0,Metallica,0.86579144001,0.0674975514412,0.00154040055349,123.672035217,1.17382419109,0.608664870262,Metal
0,David Bowie,0.851955473423,0.0634037852287,0.00222469400615,114.814575195,1.2905421257,0.528689205647,Pop
0,Depeche Mode,0.764207184315,0.0408643558621,0.00149764656089,127.514663696,1.49920260906,0.760982453823,Pop
0,David Bowie,0.947394371033,0.0582711026073,0.0012446254259,139.977798462,1.26381599903,0.552554309368,Rock
0,David Bowie,0.924693763256,0.0597187764943,0.00198511173949,119.830215454,1.27027082443,0.451299548149,Pop
0,David Bowie,0.830473959446,0.0333498418331,0.00148588407319,107.230072021,1.04243755341,0.652792513371,Rock
0,Depeche Mode,0.900451481342,0.0375000014901,0.00147058826406,112.791740417,1.25259935856,0.599312901497,Pop
0,Depeche Mode,0.958316981792,0.0607544668019,0.00132362672593,99.0671005249,1.33298003674,0.599374473095,Pop
0,Depeche Mode,0.902124345303,0.0806650221348,0.00246305414476,127.664146423,1.18728256226,0.51514083147,Electronic
0,Depeche Mode,0.948382019997,0.0469904132187,0.0014144271845,129.946746826,1.32262837887,0.678853273392,Pop
0,Korn,0.967176616192,0.0907150506973,0.00293489871547,116.014602661,1.40038907528,0.411795258522,Metal
0,David Bowie,0.892494559288,0.0621715150774,0.00205101910979,152.002227783,1.02305340767,0.476569920778,Rock
0,Depeche Mode,0.881936907768,0.0340320020914,0.00180302001536,115.481216431,0.939594209194,0.593245327473,Rock
0,Depeche Mode,0.912563920021,0.057925555855,0.00188205775339,105.023658752,1.12733161449,0.47509303689,Pop
0,Depeche Mode,0.791214168072,0.0516658611596,0.00177048123442,93.6097335815,1.02373921871,0.602808117867,Pop
0,Korn,0.932210981846,0.0946261659265,0.00327102793381,117.996543884,1.24088561535,0.575740873814,Metal
0,Korn,0.948150634766,0.0736473947763,0.00308578484692,123.41960144,1.26803827286,0.593197464943,Metal
0,Metallica,0.884467720985,0.105540893972,0.00175901490729,105.806182861,1.03141736984,0.590007185936,Metal
0,Metallica,0.91918951273,0.0758443623781,0.000987556762993,155.326583862,1.53324496746,0.586640536785,Metal
0,Metallica,0.705016851425,0.0711868330836,0.00151709653437,85.3586578369,1.03008568287,0.514263153076,Metal
0,Metallica,0.916024982929,0.0785698965192,0.00321130384691,98.8644561768,1.3218985796,0.594322621822,Metal
0,Metallica,0.870312273502,0.0681539922953,0.00136035913602,102.290145874,1.17699468136,0.500053703785,Metal
0,Metallica,0.900756120682,0.130943670869,0.00390148744918,178.205703735,1.04581153393,0.538967490196,Metal
0,Metallica,0.954509913921,0.0796515271068,0.00280024879612,89.0709915161,1.12226176262,0.665890336037,Metal
0,Metallica,0.913972914219,0.106729529798,0.00257179606706,128.535293579,1.02944326401,0.335222601891,Metal
0,Metallica,0.920441269875,0.122727274895,0.00174825172871,150.962265015,1.24643743038,0.420071303844,Metal
0,Metallica,0.918061435223,0.0819986090064,0.00226323120296,122.83644104,1.1830534935,0.615096688271,Metal
0,Metallica,0.948512375355,0.0843647420406,0.00353624648415,117.354759216,1.10474216938,0.471844911575,Metal
0,Metallica,0.943067371845,0.0877735987306,0.00221092184074,104.693077087,1.1342279911,0.685096383095,Metal
0,Metallica,0.406726807356,0.0713864862919,0.00127651216462,129.328201294,0.880614638329,0.675782859325,Metal
0,Metallica,0.97544926405,0.0674497932196,0.00227358844131,132.205657959,1.34289431572,0.556935012341,Metal
0,Metallica,0.926194429398,0.123465918005,0.00295726745389,105.603134155,1.15585672855,0.620001852512,Metal
0,Metallica,0.879479110241,0.0930483564734,0.00183506042231,111.488883972,1.01787781715,0.506022036076,Metal
0,Metallica,0.96072024107,0.0943025574088,0.00245579564944,95.12159729,1.15443813801,0.713273525238,Metal
0,Metallica,0.948761403561,0.104855023324,0.00539447087795,124.160209656,1.26446342468,0.568596482277,Metal
0,Metallica,0.928533792496,0.0744156464934,0.00238511688076,103.368865967,1.42090797424,0.475090712309,Metal
0,Metallica,0.834105193615,0.102168671787,0.00257028103806,94.8051223755,1.08995103836,0.494519889355,Metal
0,Metallica,0.963192403316,0.0968539640307,0.00178595958278,140.221191406,1.16925311089,0.646212875843,Metal
0,Metallica,0.836904227734,0.0522508732975,0.00085099140415,136.216201782,1.09807932377,0.659031033516,Rock
0,Metallica,0.910391807556,0.0538383573294,0.00139346334618,149.02494812,1.13345849514,0.647166073322,Metal
0,Metallica,0.887928843498,0.0976633653045,0.00134653470013,87.5352020264,1.2928289175,0.273216247559,Metal
0,Metallica,0.887846887112,0.113586515188,0.00173150177579,129.22227478,1.39308094978,0.202853515744,Metal
0,Metallica,0.918308794498,0.129446491599,0.0029520294629,96.1157226562,1.22730231285,0.359136998653,Metal
0,Metallica,0.874000132084,0.105973027647,0.00216763000935,122.567840576,1.36328756809,0.242451772094,Metal
0,Metallica,0.955040872097,0.0536692216992,0.0014082302805,162.399291992,1.11805820465,0.718340992928,Metal
0,Metallica,0.947525203228,0.0748331770301,0.00238322210498,126.531204224,1.24874401093,0.521785974503,Metal
0,Metallica,0.830654919147,0.105196677148,0.00288704433478,162.066833496,1.05242216587,0.742671906948,Metal
0,Metallica,0.955864191055,0.108068101108,0.00444115465507,172.265731812,1.0634740591,0.475231975317,Metal
0,Metallica,0.911497175694,0.100132070482,0.00156081165187,95.4802780151,1.14179587364,0.772791564465,Metal
0,Metallica,0.907724738121,0.0863950774074,0.00184473476838,154.765777588,1.13054430485,0.664359867573,Metal
0,Metallica,0.879040300846,0.0753853023052,0.00122850120533,142.473953247,1.14156424999,0.682596802711,Metal
0,Metallica,0.943071067333,0.093200340867,0.00139425136149,101.782104492,1.26563429832,0.65013563633,Metal
0,Metallica,0.907681524754,0.131174474955,0.0018772733165,143.741699219,1.25629246235,0.251210153103,Metal
0,Metallica,0.908672749996,0.0624650381505,0.00205109082162,155.753082275,1.20596218109,0.623444199562,Metal
0,The Beatles,0.770046114922,0.0509515032172,0.00552486209199,112.868499756,1.03561508656,0.384185105562,Pop
0,The Beatles,0.808455705643,0.040637191385,0.000975292583462,148.00692749,1.26263272762,0.726721465588,Pop
0,The Beatles,0.397921591997,0.0375803858042,0.00100482313428,137.367874146,1.08254134655,0.645922541618,Pop
0,The Beatles,0.799179315567,0.0567928738892,0.00408314773813,96.822013855,0.965041875839,0.643115460873,Pop
0,Depeche Mode,0.927135109901,0.0718280076981,0.00161550892517,95.146446228,0.978181421757,0.602746844292,Electronic
0,Korn,0.939714431763,0.0670746639371,0.00171358627267,109.944503784,1.17473208904,0.677453279495,Metal
0,André Rieu,0.236446321011,0.0261956267059,0.00240326835774,163.065872192,0.837045192719,0.41993868351,Classical
0,André Rieu,0.683037042618,0.046186145395,0.00349895027466,100.017066956,1.04593396187,0.549187302589,Classical
0,André Rieu,0.535800278187,0.046410638839,0.0020355542656,99.2114562988,0.998303771019,0.565633177757,Classical
0,André Rieu,0.509566307068,0.0524109005928,0.00293501047418,184.570663452,0.937609553337,0.600773453712,Classical
0,André Rieu,0.876651227474,0.0421520546079,0.00214592274278,97.8787155151,1.05166852474,0.589287757874,Classical
0,Depeche Mode,0.891309738159,0.0512820519507,0.00250836112536,130.986282349,1.1496322155,0.622791111469,Pop
0,Korn,0.894270658493,0.0707048475742,0.0024229073897,151.940551758,1.21890974045,0.589983403683,Metal
0,The Beatles,0.963080883026,0.0511343181133,0.0039611090906,155.04335022,1.01919662952,0.60023522377,Pop
0,The Beatles,0.93856137991,0.060763888061,0.00381944444962,172.265869141,1.18378698826,0.732688486576,Pop
0,The Beatles,0.932836532593,0.0650929883122,0.00250357645564,164.826568604,1.11081779003,0.573306441307,Pop
0,The Beatles,0.718136668205,0.0484314821661,0.00467804074287,165.518829346,1.17839992046,0.655929267406,Pop
0,The Beatles,0.917729377747,0.0418794676661,0.00255362619646,113.228256226,1.13169133663,0.562954485416,Pop
0,The Beatles,0.958373606205,0.0677710846066,0.00338855432346,138.968688965,1.09869349003,0.735441029072,Pop
0,The Beatles,0.567792892456,0.0455989539623,0.0033638572786,99.1962203979,0.997343838215,0.775513589382,Pop
0,The Beatles,0.935160696507,0.0549910329282,0.00298864324577,111.919212341,1.28579294682,0.691139340401,Pop
0,The Beatles,0.951927900314,0.0714285746217,0.00333086610772,123.300163269,1.11606097221,0.63165807724,Pop
0,Metallica,0.924569368362,0.0848061814904,0.00163374422118,96.4444122314,1.18964982033,0.598076164722,Metal
0,Metallica,0.78451102972,0.0962559357285,0.00237496499904,184.570419312,1.12880170345,0.628933370113,Metal
0,Metallica,0.960165202618,0.0854445174336,0.00130877818447,118.07409668,1.31271743774,0.591581165791,Metal
0,Metallica,0.962181448936,0.11428181082,0.00218459847383,139.038497925,1.35664951801,0.539392888546,Metal
0,Metallica,0.838539958,0.0669166743755,0.00175788113847,111.796569824,1.16598176956,0.632954537868,Metal
0,Metallica,0.960039615631,0.0896157249808,0.00161337631289,154.929611206,1.32083642483,0.675734519958,Metal
0,Metallica,0.903047740459,0.103859253228,0.00340522127226,126.866958618,1.25430905819,0.516723394394,Metal
0,Metallica,0.921339690685,0.0671073943377,0.00137208437081,142.542297363,1.13792181015,0.611822605133,Metal
0,Metallica,0.952633857727,0.0788836702704,0.00199345010333,96.2433853149,1.17344248295,0.441317468882,Metal
0,Metallica,0.912776052952,0.08426720649,0.00189200986642,92.405921936,1.11252856255,0.516434729099,Metal
0,Metallica,0.899033844471,0.0729166641831,0.00140765763354,132.46913147,1.18440198898,0.530949354172,Metal
0,Metallica,0.960867404938,0.0806533098221,0.00202054227702,117.119506836,1.21786725521,0.667384564877,Metal
0,Metallica,0.955573618412,0.0815834775567,0.00240963860415,107.046546936,1.20921087265,0.63941192627,Metal
0,Metallica,0.648391008377,0.0461513362825,0.0013046314707,111.648910522,1.09780669212,0.678657114506,Metal
0,Metallica,0.969268679619,0.0997145175934,0.00224306690507,86.0566101074,1.62919676304,0.517438411713,Metal
0,Metallica,0.601252317429,0.0501421019435,0.0011165245669,130.532669067,1.14428627491,0.512428462505,Rock
0,Metallica,0.945032298565,0.06003215909,0.00178667146247,101.226806641,1.09689617157,0.645307540894,Metal
0,Metallica,0.804014027119,0.0703762471676,0.001359927468,119.622962952,1.11847221851,0.599682867527,Metal
0,Metallica,0.695028305054,0.069119438529,0.00189368322026,151.912460327,1.05289590359,0.691600203514,Metal
0,Metallica,0.938285946846,0.060619533062,0.0020749962423,110.319595337,1.24172019958,0.576581716537,Metal
0,Metallica,0.949479997158,0.0631959065795,0.00165513087995,83.0928878784,1.20998418331,0.658204257488,Metal
0,Metallica,0.927519142628,0.0655926316977,0.00180831830949,152.716262817,1.13867890835,0.570996105671,Metal
0,Metallica,0.926375687122,0.108751736581,0.00297678122297,98.9737243652,1.20291483402,0.462396353483,Metal
0,Metallica,0.916307032108,0.0727272704244,0.00197402597405,112.260864258,1.23744094372,0.53530472517,Metal
0,Metallica,0.897793889046,0.0490265078843,0.00129017129075,132.67515564,1.07687962055,0.54032677412,Metal
0,Metallica,0.953729331493,0.110921174288,0.00303893629462,95.54296875,1.21611368656,0.511776447296,Metal
0,Metallica,0.94953930378,0.0634009167552,0.00105472875293,100.11038208,1.25209772587,0.723542094231,Metal
0,Metallica,0.952449977398,0.0665612891316,0.00210748147219,144.451812744,1.28000450134,0.6298199296,Metal
0,Metallica,0.938435256481,0.0728520527482,0.00224363198504,123.768814087,1.14814424515,0.428406596184,Metal
0,Metallica,0.94593423605,0.0622016713023,0.00178997614421,117.776748657,1.26487112045,0.553715288639,Metal
0,Metallica,0.947016239166,0.0862612351775,0.00186763156671,150.93888855,1.30029511452,0.642390191555,Metal
0,Metallica,0.943423032761,0.107746817172,0.00193267839495,90.9026565552,1.27560389042,0.527676463127,Metal
0,Depeche Mode,0.966030359268,0.0643793344498,0.0019275250379,140.314437866,1.42465877533,0.694864332676,Rock
0,David Bowie,0.595227837563,0.0252829287201,0.00192631827667,139.185821533,1.01929247379,0.611656785011,Pop
0,David Bowie,0.954794406891,0.127165496349,0.00552893476561,101.02620697,1.19441688061,0.609893679619,Pop
0,David Bowie,0.72680747509,0.0610519722104,0.00313087040558,150.14503479,1.12339484692,0.649024486542,Rock
0,David Bowie,0.244130164385,0.0437284223735,0.0016439256724,154.526351929,1.10627663136,0.623372256756,Pop
0,David Bowie,0.52945625782,0.0487202517688,0.00157162104733,123.12612915,1.04690408707,0.699630260468,Rock
0,David Bowie,0.195143729448,0.0445991232991,0.00154679035768,133.543930054,0.932821571827,0.519158065319,Pop
0,David Bowie,0.854289293289,0.0480715483427,0.00279485736974,155.203582764,1.10449302197,0.570544064045,Pop
0,David Bowie,0.722053229809,0.05493998155,0.0027700830251,128.633300781,1.1131259203,0.579732477665,Pop
0,David Bowie,0.870373785496,0.061402041465,0.00234231213108,144.296310425,1.14456224442,0.5614579916,Pop
0,David Bowie,0.0858528241515,0.049389000982,0.00509164948016,107.349533081,0.970278322697,0.287027746439,Pop
0,David Bowie,0.768610596657,0.0924685075879,0.00455641932786,126.500114441,1.0918482542,0.671092152596,Pop
0,David Bowie,0.282049655914,0.072048611939,0.00325520825572,146.637741089,1.09152567387,0.642389416695,Pop
0,David Bowie,0.841802358627,0.058839853853,0.00388565077446,139.589126587,1.01464092731,0.682311892509,Pop
0,David Bowie,0.961108863354,0.0650259628892,0.0031609844882,143.457015991,1.32299602032,0.502942323685,Pop
0,David Bowie,0.893477380276,0.0496569164097,0.0019862765912,184.570419312,1.04046392441,0.670374453068,Rock
0,David Bowie,0.894894778728,0.0739495828748,0.00364145659842,120.80039978,1.21256017685,0.559552788734,Pop
0,Depeche Mode,0.936615109444,0.069312684238,0.00193610845599,122.135231018,1.35145401955,0.517072439194,Pop
0,André Rieu,0.430973291397,0.0340269953012,0.00309336325154,135.295394897,0.975606739521,0.720326066017,Classical
0,André Rieu,0.46062502265,0.047331109643,0.00229357788339,151.391891479,0.950338244438,0.547907531261,Classical
0,André Rieu,0.759543955326,0.0417090542614,0.00237368606031,96.7788543701,1.10587704182,0.477339833975,Classical
0,André Rieu,0.890287935734,0.0341141670942,0.00295656127855,100.348991394,1.16438996792,0.609726011753,Classical
0,André Rieu,0.414122581482,0.0558690726757,0.00253950338811,111.321159363,0.902722835541,0.758242070675,Classical
0,André Rieu,0.285149127245,0.0666003972292,0.00397614296526,164.556640625,0.938578903675,0.730448722839,Classical
0,André Rieu,0.589226126671,0.0369633510709,0.00157068064436,97.8344802856,0.925913512707,0.518157362938,Classical
0,André Rieu,0.593698620796,0.0413829945028,0.00186890934128,101.056640625,0.996176958084,0.640538454056,Classical
0,André Rieu,0.875298321247,0.051055662334,0.00249520153739,112.667137146,1.15888631344,0.722477197647,Classical
0,André Rieu,0.631065964699,0.044764187187,0.00182710972149,102.463188171,0.993449509144,0.51934581995,Classical
0,André Rieu,0.541854918003,0.0646130740643,0.0037565738894,144.626586914,0.93596124649,0.827653586864,Classical
0,André Rieu,0.949282348156,0.0397058837116,0.00661764713004,107.047523499,1.20963215828,0.699731230736,Classical
0,André Rieu,0.150064498186,0.0523018799722,0.00149149843492,143.54548645,0.865480482578,0.629091024399,Classical
0,André Rieu,0.436960279942,0.0611831434071,0.00445705046877,134.937606812,0.957066476345,0.805197298527,Classical
0,Hans Zimmer,0.23417852819,0.0409887358546,0.00156445556786,135.007568359,1.06459534168,0.613809704781,Classical
0,Hans Zimmer,0.82175797224,0.0334538891912,0.00994575023651,178.205825806,0.83725219965,0.588459551334,Classical
0,Depeche Mode,0.947345793247,0.0559025593102,0.00156152399722,114.14981842,1.45514631271,0.546955704689,Pop
0,The Beatles,0.929948568344,0.0605520941317,0.00311665190384,172.265518188,1.12795126438,0.66135597229,Pop
0,David Bowie,0.595109403133,0.0727381110191,0.00193769566249,166.360244751,1.10304224491,0.657447516918,Pop
0,The Beatles,0.969267606735,0.0650125592947,0.00282663316466,122.56628418,1.24989008904,0.691731274128,Pop
0,The Beatles,0.952931821346,0.0674071237445,0.00651091523468,95.9156723022,1.15608072281,0.640262246132,Rock
0,Korn,0.947954535484,0.117495544255,0.00416088756174,95.9464874268,1.24178290367,0.531495213509,Metal
0,Korn,0.794855594635,0.0804554820061,0.0028000746388,92.9276657104,0.983648180962,0.42846134305,Metal
0,David Bowie,0.847300827503,0.084162324667,0.00268435175531,162.010986328,1.24617111683,0.595359385014,Rock
0,David Bowie,0.929255664349,0.051097728312,0.00233145523816,117.950782776,1.10858607292,0.512756943703,Rock
0,David Bowie,0.905977487564,0.0424886196852,0.0017071319744,108.414772034,1.08309674263,0.708470761776,Pop
0,David Bowie,0.906018614769,0.0529963299632,0.00305748055689,115.125236511,1.38008725643,0.339226812124,Pop
0,Metallica,0.940627098083,0.0841995850205,0.00196350202896,134.73789978,1.18756663799,0.389939695597,Metal
0,Metallica,0.956161022186,0.104001916945,0.00131799664814,117.774185181,1.21271300316,0.547752261162,Metal
0,Metallica,0.909778475761,0.087952926755,0.00123877357692,164.12701416,1.27677810192,0.4289521873,Metal
0,Metallica,0.761411011219,0.0548895262182,0.00099078565836,122.227272034,1.11900854111,0.554602205753,Metal
0,The Beatles,0.871931254864,0.0448822081089,0.00162469537463,152.762329102,1.08462238312,0.737364172935,Pop
0,The Beatles,0.916454076767,0.068592056632,0.00305470707826,142.581665039,1.04509401321,0.751025021076,Pop
0,The Beatles,0.940541148186,0.049180328846,0.00419367151335,163.439361572,1.01003611088,0.586734235287,Pop
0,The Beatles,0.938504517078,0.0514863617718,0.00306466431357,96.6285324097,1.15909957886,0.558202624321,Pop
0,The Beatles,0.761487066746,0.053753182292,0.00477099232376,82.7589111328,0.963084220886,0.674492835999,Pop
0,The Beatles,0.939982116222,0.0498737357557,0.0025252525229,103.243713379,1.19972896576,0.629997134209,Pop
0,The Beatles,0.585410714149,0.0473436154425,0.00214224518277,109.726799011,1.03608119488,0.710151672363,Pop
0,David Bowie,0.691075325012,0.0285080764443,0.00205891672522,98.5335693359,1.02765965462,0.532694101334,Pop
0,David Bowie,0.341196805239,0.0603262558579,0.00246229604818,120.260658264,1.08122360706,0.49964556098,Pop
0,David Bowie,0.861356258392,0.0389874354005,0.00203252024949,166.535049438,1.2424890995,0.715964257717,Pop
0,David Bowie,0.921392321587,0.0484734885395,0.00321371178143,125.900085449,1.2697622776,0.644223988056,Electronic
0,David Bowie,0.948145449162,0.0558183528483,0.00709555344656,139.817871094,1.187245965,0.567747890949,Rock
0,David Bowie,0.852775812149,0.0420105010271,0.00225056265481,100.986312866,1.08895778656,0.465270459652,Rock
0,David Bowie,0.792558372021,0.0788755044341,0.00257028103806,110.236549377,1.00626885891,0.352201163769,Electronic
0,David Bowie,0.936940908432,0.0939271226525,0.00303643732332,122.470535278,1.22153902054,0.543531417847,Rock
0,David Bowie,0.530395805836,0.085045196116,0.00575184868649,94.9657287598,1.20584571362,0.635288476944,Rock
0,David Bowie,0.634624481201,0.0587941706181,0.00119784392882,73.1066894531,1.07448339462,0.459396958351,Pop
0,David Bowie,0.831373333931,0.0382267050445,0.00159277941566,113.803390503,0.998041510582,0.577661752701,Rock
0,David Bowie,0.909645676613,0.104040406644,0.00479797972366,131.767791748,1.17951512337,0.424711465836,Rock
0,David Bowie,0.966034948826,0.0675324648619,0.00259740254842,124.964851379,1.14145052433,0.438518404961,Rock
0,David Bowie,0.653442203999,0.0546332038939,0.00212355214171,112.450363159,1.07642018795,0.558219850063,Rock
0,David Bowie,0.874649524689,0.0650331601501,0.00184229924344,120.084625244,1.18503284454,0.694195866585,Rock
0,David Bowie,0.92978399992,0.0557314753532,0.00158328050748,134.974472046,1.29216217995,0.689493775368,Pop
0,David Bowie,0.893534421921,0.0455078110099,0.00234375009313,97.9079589844,1.14364814758,0.63394343853,Pop
0,David Bowie,0.948759436607,0.0321109630167,0.00171005132142,120.832893372,1.25657594204,0.598109126091,Rock
0,David Bowie,0.666699767113,0.0306994598359,0.00226757372729,120.008102417,1.17141401768,0.448404282331,Rock
0,David Bowie,0.882650613785,0.0588014274836,0.00338155170903,114.112106323,1.02916181087,0.594164669514,Rock
0,David Bowie,0.948013544083,0.0436911471188,0.00207156315446,136.244415283,1.2374843359,0.615565955639,Rock
0,David Bowie,0.712857544422,0.0695840418339,0.00108241848648,161.675231934,1.07289063931,0.587361514568,Rock
0,David Bowie,0.831496298313,0.0727630257607,0.00196656840853,161.756439209,1.01602339745,0.545332551003,Rock
0,David Bowie,0.937209069729,0.0577319599688,0.00257731950842,103.870315552,1.34048521519,0.623413801193,Rock
0,David Bowie,0.858041644096,0.0386045500636,0.00131233595312,154.454772949,1.07066130638,0.483991712332,Rock
0,David Bowie,0.924718439579,0.0723309367895,0.00346792163327,122.263374329,1.20047855377,0.54338157177,Rock
0,David Bowie,0.796327233315,0.0800909548998,0.00454775150865,126.411201477,1.22109031677,0.730690598488,Rock
0,David Bowie,0.956520736217,0.106907099485,0.00273707928136,139.984130859,1.5595318079,0.428933560848,Electronic
0,David Bowie,0.833982527256,0.071838028729,0.00170752534177,113.98828125,1.14344012737,0.504082739353,Pop
0,David Bowie,0.952474296093,0.0536514818668,0.00173535791691,172.264907837,1.19283974171,0.516600966454,Rock
0,David Bowie,0.830566108227,0.0460837557912,0.00262835109606,99.8228912354,1.13861036301,0.475845307112,Rock
0,David Bowie,0.898012161255,0.0562060885131,0.00250920047984,106.925521851,1.08983457088,0.559717059135,Rock
0,David Bowie,0.952443122864,0.0459304302931,0.00219520437531,110.064979553,1.48458075523,0.601051747799,Rock
0,David Bowie,0.211248859763,0.0629826262593,0.00410231668502,162.540939331,0.973854780197,0.39915060997,Pop
0,David Bowie,0.890742003918,0.0611436106265,0.00301943765953,139.584655762,0.948890984058,0.502994298935,Rock
0,David Bowie,0.941999495029,0.0717289745808,0.00280373822898,137.252578735,1.25148034096,0.532549321651,Rock
0,David Bowie,0.399045944214,0.0449115373194,0.00226825941354,117.534240723,0.952000021935,0.579564571381,Pop
0,David Bowie,0.962918281555,0.0661855340004,0.00264038029127,149.943008423,1.26406371593,0.578559458256,Rock
0,David Bowie,0.728805482388,0.0458379164338,0.0020168684423,103.91796875,1.11147356033,0.668629646301,Rock
0,David Bowie,0.6068598032,0.0565280802548,0.00133722345345,166.403762817,1.18452835083,0.534430921078,Rock
0,David Bowie,0.868961572647,0.0485993921757,0.00168747885618,119.845283508,1.28406250477,0.360472738743,Rock
0,David Bowie,0.516920208931,0.0360234230757,0.00152749486733,110.023933411,1.02957868576,0.646960675716,Rock
0,David Bowie,0.800162315369,0.0583149380982,0.00257542310283,142.793807983,1.10062730312,0.641937255859,Pop
0,David Bowie,0.954851090908,0.0463761352003,0.00419482635334,111.306678772,1.11865758896,0.468355923891,Pop
0,David Bowie,0.919565558434,0.0580233186483,0.00360910594463,116.996246338,1.1786249876,0.689601421356,Rock
0,David Bowie,0.940710961819,0.0689979791641,0.0014794889139,116.226173401,1.13281619549,0.474575340748,Rock
0,David Bowie,0.110734328628,0.0263500325382,0.00195185421035,100.239387512,0.969182610512,0.608294427395,Pop
0,David Bowie,0.649722754955,0.0484322495759,0.0016797313001,113.334083557,1.34559082985,0.63902670145,Rock
0,David Bowie,0.467651873827,0.0670798420906,0.00382792553864,133.102996826,1.06949400902,0.186391562223,Rock
0,David Bowie,0.083477601409,0.0624820031226,0.00201554852538,119.93145752,0.90981477499,0.626025974751,Pop
0,David Bowie,0.890261888504,0.0606485828757,0.0021827253513,150.071426392,1.23585617542,0.594806671143,Electronic
0,David Bowie,0.971126556396,0.0458745881915,0.000990099040791,127.485488892,1.20287036896,0.723640918732,Rock
0,David Bowie,0.82745474577,0.0506137534976,0.00235412805341,88.0928115845,1.26133489609,0.72272503376,Pop
0,David Bowie,0.961659193039,0.0654417872429,0.00392237817869,116.35760498,1.13999760151,0.204078942537,Rock
0,David Bowie,0.96294271946,0.0558827742934,0.00201120530255,85.4575958252,1.27588403225,0.658336043358,Pop
0,David Bowie,0.730353355408,0.0600083917379,0.00237795501016,150.431488037,0.960683107376,0.671268463135,Rock
0,David Bowie,0.824323713779,0.0396143719554,0.00245398771949,119.827781677,1.01505529881,0.499983668327,Pop
0,David Bowie,0.292213559151,0.0365581810474,0.00312082027085,142.124908447,1.08626973629,0.459489732981,Electronic
0,David Bowie,0.9450532794,0.0737531259656,0.00250336993486,140.435150146,1.18714702129,0.653984427452,Rock
0,David Bowie,0.897605836391,0.0418232530355,0.00109104136936,101.132133484,0.997957110405,0.524011135101,Pop
0,David Bowie,0.890922129154,0.0834151133895,0.00228982651606,126.011054993,1.39438760281,0.56252104044,Rock
0,Depeche Mode,0.881827235222,0.0386622399092,0.00260910810903,163.808486938,0.93550157547,0.612183988094,Electronic
0,Depeche Mode,0.607502579689,0.0533448308706,0.00160157692153,99.9755172729,1.05993413925,0.529915571213,Electronic
0,Depeche Mode,0.910508811474,0.0500276908278,0.00239985226654,129.977478027,1.03466010094,0.363461256027,Electronic
0,Depeche Mode,0.910499513149,0.0593888126314,0.0026907552965,109.995101929,1.13215863705,0.593745291233,Electronic
0,Depeche Mode,0.765055656433,0.0410468615592,0.00123028748203,89.9266357422,1.0430649519,0.559376180172,Electronic
0,Depeche Mode,0.939894020557,0.0481020957232,0.00261780107394,109.879997253,1.07520031929,0.353725612164,Electronic
0,Depeche Mode,0.866345882416,0.0839402750134,0.00163874728605,117.867469788,1.21425783634,0.609282493591,Electronic
0,Depeche Mode,0.78460085392,0.0410248599946,0.0012200701749,123.962432861,1.45326495171,0.658263146877,Electronic
0,Depeche Mode,0.921446084976,0.049544993788,0.00219076499343,104.000862122,1.12827169895,0.510496258736,Rock
0,Depeche Mode,0.883642196655,0.0829106494784,0.00292625837028,113.755317688,1.11794376373,0.502340078354,Pop
0,Depeche Mode,0.935954213142,0.0803917571902,0.00244847987778,118.788902283,1.11775779724,0.632154762745,Pop
0,The Beatles,0.883838832378,0.0815134570003,0.00304723205045,139.883605957,1.26924347878,0.578935801983,Pop
0,The Beatles,0.840044677258,0.0322962962091,0.00237037031911,112.260383606,1.07907783985,0.578701555729,Pop
0,The Beatles,0.847960352898,0.0828538537025,0.00373993092217,122.149963379,1.1837182045,0.725548267365,Pop
0,The Beatles,0.942844986916,0.0396341457963,0.00381097570062,132.803497314,0.971801817417,0.628942072392,Pop
0,The Beatles,0.955264508724,0.0628002732992,0.00308853806928,163.772033691,1.16026175022,0.515734791756,Pop
0,The Beatles,0.958205223083,0.0525335334241,0.00484351720661,123.131721497,1.10419976711,0.68728095293,Pop
0,The Beatles,0.961431443691,0.0496774204075,0.00419354857877,172.265731812,1.1341919899,0.663628160954,Pop
0,The Beatles,0.618574798107,0.0795868784189,0.00394896697253,128.854385376,1.182087183,0.605956852436,Pop
0,The Beatles,0.932998299599,0.0614944584668,0.0039327852428,117.550971985,1.09249293804,0.6055098176,Pop
0,The Beatles,0.808916091919,0.0536044351757,0.00462107220665,136.605728149,1.01408410072,0.650191426277,Pop
0,The Beatles,0.930619835854,0.0403100773692,0.00284237717278,163.466430664,1.11426818371,0.616500556469,Pop
0,The Beatles,0.927222788334,0.0404040403664,0.00297088525258,95.5758972168,1.07075250149,0.687409341335,Pop
0,The Beatles,0.799560248852,0.0628513023257,0.00332141038962,103.296028137,0.975248098373,0.557950675488,Pop
0,The Beatles,0.806942045689,0.0528109036386,0.00191652472131,165.131240845,0.986211121082,0.68861079216,Pop
0,The Beatles,0.925309181213,0.0565467178822,0.00302388868295,131.729171753,1.09913527966,0.662682533264,Pop
0,The Beatles,0.947858214378,0.0915512889624,0.00423848535866,121.050201416,1.11054515839,0.720582425594,Pop
0,The Beatles,0.871000885963,0.0514499545097,0.00280636106618,142.8956604,1.13195383549,0.591330707073,Pop
0,The Beatles,0.886690914631,0.0875429809093,0.00423168484122,184.570785522,1.13669550419,0.690384209156,Pop
0,The Beatles,0.936968386173,0.0336477197707,0.00229416252114,108.116340637,0.989284455776,0.525651872158,Pop
0,The Beatles,0.905842959881,0.0419373884797,0.00265800347552,106.804107666,1.01370966434,0.665670871735,Pop
0,The Beatles,0.941716849804,0.0962941348553,0.00408520549536,134.75050354,1.04175662994,0.603559076786,Pop
0,The Beatles,0.494114518166,0.0371708832681,0.00309757352807,144.188812256,0.973705232143,0.626918971539,Pop
0,The Beatles,0.946225643158,0.0518896207213,0.00329934014007,129.381134033,0.994055271149,0.704315841198,Pop
0,The Beatles,0.885093092918,0.0599173568189,0.00344352610409,122.308479309,1.01143443584,0.706587851048,Pop
0,The Beatles,0.888594806194,0.0692334845662,0.00494524883106,92.1369476318,1.04443240166,0.707763433456,Pop
0,The Beatles,0.876529812813,0.0886586084962,0.00383803481236,172.265487671,1.12594759464,0.33141502738,Rock
0,The Beatles,0.920339584351,0.0386420078576,0.00193210050929,145.108657837,1.11738085747,0.624717354774,Pop
0,The Beatles,0.898734629154,0.0368974395096,0.00178536004387,87.9184036255,1.07268023491,0.704582750797,Pop
0,The Beatles,0.910878777504,0.0775564387441,0.00345285516232,87.8160552979,1.0531719923,0.681357741356,Pop
0,The Beatles,0.843646705151,0.0546776242554,0.00410872325301,124.248268127,0.967941939831,0.712788760662,Pop
0,The Beatles,0.710450649261,0.0538041181862,0.00462379166856,67.744682312,0.986042201519,0.688895463943,Pop
0,The Beatles,0.924810349941,0.0644257739186,0.00280112051405,123.195335388,1.15017747879,0.453756272793,Pop
0,The Beatles,0.857356607914,0.0631768926978,0.00433212984353,122.726097107,1.21397387981,0.637946009636,Pop
0,The Beatles,0.947514414787,0.0380804948509,0.0030959751457,178.205474854,1.04373800755,0.66002368927,Pop
0,The Beatles,0.886645615101,0.0534979440272,0.002469135914,165.554946899,0.97785449028,0.641290783882,Pop
0,The Beatles,0.837079524994,0.0648615881801,0.00242473231629,128.284851074,1.40833425522,0.64758759737,Pop
0,The Beatles,0.942333638668,0.085526317358,0.00328947370872,92.8686447144,1.31054544449,0.516350924969,Pop
0,The Beatles,0.894666969776,0.0496575348079,0.00256849313155,142.430984497,1.26701843739,0.616728484631,Pop
0,The Beatles,0.802410721779,0.0797847434878,0.00327562005259,148.446166992,1.32955694199,0.476274460554,Pop
0,The Beatles,0.674052774906,0.0571333095431,0.00367524218746,93.2113113403,0.986347019672,0.623970925808,Pop
0,The Beatles,0.72728151083,0.068922303617,0.00626566400751,113.206718445,1.16588318348,0.530761778355,Pop
0,The Beatles,0.743626952171,0.0869565233588,0.00724637694657,99.2656478882,1.13288164139,0.743335187435,Pop
0,The Beatles,0.890475988388,0.0832182317972,0.00587016576901,136.49836731,1.00696516037,0.688529014587,Pop
0,The Beatles,0.425912767649,0.0490541830659,0.00320615572855,91.7600402832,1.03259968758,0.564410448074,Pop
0,The Beatles,0.777902364731,0.0448642261326,0.00314836669713,105.01348114,1.14636826515,0.541322410107,Pop
0,The Beatles,0.819520294666,0.0552147254348,0.00498466240242,89.0729751587,1.1896853447,0.581318259239,Pop
0,The Beatles,0.738747000694,0.0656129419804,0.0018378974637,154.393096924,1.14568912983,0.654309153557,Pop
0,The Beatles,0.88273525238,0.0650697872043,0.00264051300474,129.341384888,1.15505516529,0.584792256355,Pop
0,The Beatles,0.0922509133816,0.0693699344993,0.00237055518664,172.265792847,1.05926799774,0.563968062401,Pop
0,The Beatles,0.222584053874,0.0576527118683,0.00308853806928,184.57069397,0.965764045715,0.522205710411,Pop
0,David Bowie,0.663868546486,0.0449735447764,0.00562169309705,125.712882996,1.10691392422,0.356816411018,Pop
0,David Bowie,0.898721635342,0.0522842630744,0.00253807101399,125.879776001,1.06609964371,0.731938362122,Pop
0,David Bowie,0.898682236671,0.0660107880831,0.00507775321603,143.238861084,1.06288850307,0.581293344498,Pop
0,David Bowie,0.841166675091,0.0677898898721,0.00317145697773,100.599571228,1.01489210129,0.6172067523,Pop
0,David Bowie,0.92521238327,0.0633120685816,0.00401606410742,99.4028091431,1.18704068661,0.609711587429,Pop
0,David Bowie,0.906766593456,0.0804213806987,0.00359712238424,147.887985229,1.10591721535,0.713783442974,Pop
0,David Bowie,0.745858728886,0.0459873750806,0.00293056806549,90.6784286499,0.997139930725,0.728647708893,Pop
0,The Beatles,0.944664299488,0.0447093881667,0.0033532041125,120.038581848,1.05525195599,0.648276925087,Pop
0,The Beatles,0.96128487587,0.0461973585188,0.00314267748035,121.013870239,1.23958408833,0.675959408283,Pop
0,The Beatles,0.960112273693,0.0723827257752,0.00341721042059,172.265472412,1.10471713543,0.602428197861,Pop
0,The Beatles,0.956580042839,0.063564479351,0.0036496350076,136.106903076,1.07550013065,0.743835270405,Rock
0,The Beatles,0.952468276024,0.0678694173694,0.00558419246227,151.673461914,1.1864771843,0.654073297977,Pop
0,The Beatles,0.969824552536,0.0725761801004,0.0027700830251,129.113189697,1.35773956776,0.641925990582,Pop
0,The Beatles,0.959725260735,0.0755603760481,0.00433839485049,125.340332031,1.09306466579,0.590431690216,Pop
0,The Beatles,0.930645644665,0.0454697422683,0.00267469068058,88.3729553223,1.0896961689,0.700174212456,Pop
0,The Beatles,0.955366194248,0.0564218871295,0.00283527071588,121.037590027,1.13974821568,0.54320704937,Pop
0,The Beatles,0.960418760777,0.0602730587125,0.00299700303003,129.971466064,1.14122676849,0.564312756062,Pop
0,The Beatles,0.951046049595,0.0658296570182,0.00610790634528,122.347854614,1.1958168745,0.679078698158,Pop
0,The Beatles,0.913221359253,0.0599593482912,0.00474254740402,128.365783691,1.09135055542,0.6270865798,Pop
0,The Beatles,0.883880734444,0.0449124574661,0.00202994165011,77.1940612793,1.03630852699,0.659087002277,Pop
0,The Beatles,0.922352969646,0.0446735396981,0.00252004573122,115.333786011,1.02262151241,0.615551948547,Pop
0,The Beatles,0.938832879066,0.0280401408672,0.00295159383677,126.327133179,0.975581169128,0.682569563389,Pop
0,The Beatles,0.886918842793,0.0548821538687,0.00370370363817,125.293060303,0.985088765621,0.573288738728,Pop
0,The Beatles,0.959652245045,0.0322970114648,0.00150920613669,165.964019775,1.04843962193,0.775667786598,Pop
0,David Bowie,0.86430990696,0.0789115652442,0.00136054423638,119.809761047,1.33219206333,0.608962476254,Rock
0,The Beatles,0.816839575768,0.0504264011979,0.00444938801229,100.778083801,1.02106392384,0.594824016094,Pop
0,The Beatles,0.839397192001,0.0511934682727,0.00282663316466,135.032150269,1.11127352715,0.694491922855,Pop
0,The Beatles,0.94217902422,0.0582831799984,0.00316756404936,129.834396362,1.21308040619,0.747630774975,Pop
0,The Beatles,0.863328874111,0.0307269245386,0.00071736011887,113.13092041,1.16533124447,0.676016330719,Pop
0,The Beatles,0.323817491531,0.0502610951662,0.00554830301553,117.064331055,0.86531496048,0.468257844448,Classical
0,The Beatles,0.859894752502,0.0567217506468,0.00312639563344,105.897026062,1.10902094841,0.595673143864,Rock
0,The Beatles,0.957879185677,0.037269372493,0.00332103320397,134.582931519,1.08494436741,0.639085769653,Pop
0,The Beatles,0.939577579498,0.0600082203746,0.00575421284884,142.258148193,1.00774931908,0.590306818485,Pop
0,Hans Zimmer,0.03282096982,0.0334265939891,0.00250331312418,136.598968506,0.922533810139,0.494943797588,Classical
0,Metallica,0.911594867706,0.0799878835678,0.00196939846501,155.493423462,1.08186781406,0.640641152859,Metal
0,Metallica,0.900723695755,0.0799581035972,0.00162942276802,94.094078064,1.24844944477,0.424123108387,Metal
0,David Bowie,0.732498824596,0.0449207276106,0.00205519679002,139.816116333,1.05287075043,0.487997472286,Rock
0,Depeche Mode,0.697880923748,0.0626005083323,0.00137835973874,95.0644302368,1.12757849693,0.446326971054,Rock
0,Depeche Mode,0.694207370281,0.0590226091444,0.00189522129949,151.11138916,1.09423398972,0.756985962391,Pop
0,Depeche Mode,0.406673192978,0.0414613634348,0.00180266797543,172.264968872,1.08068728447,0.359072685242,Electronic
0,Depeche Mode,0.669692218304,0.0600104369223,0.00243520620279,89.227180481,1.04457855225,0.65922254324,Electronic
0,Depeche Mode,0.861724793911,0.0704358071089,0.00176678446587,96.9191970825,1.14748120308,0.619339823723,Electronic
0,Depeche Mode,0.909664332867,0.0645257234573,0.00223015155643,94.1507339478,1.18416428566,0.564176082611,Pop
0,Korn,0.934964895248,0.0949195474386,0.00289278617129,106.541656494,1.13850545883,0.466603785753,Metal
0,David Bowie,0.94498693943,0.0500770397484,0.00184899847955,161.649841309,1.00067043304,0.470515161753,Rock
0,Hans Zimmer,0.573468625546,0.0605187304318,0.00448286905885,141.995452881,1.05573856831,0.616143941879,Classical
0,Hans Zimmer,0.282832562923,0.0280671659857,0.00122564041521,83.8202285767,0.900257050991,0.56084048748,Classical
0,Depeche Mode,0.836841881275,0.0567280091345,0.00202600029297,122.890792847,0.998437106609,0.634507775307,Electronic
0,Korn,0.946685671806,0.161305889487,0.00337729183957,92.871925354,1.23350799084,0.566805660725,Metal
0,Korn,0.922393143177,0.0756385102868,0.00216110027395,114.301353455,1.02764856815,0.547415137291,Metal
0,Korn,0.906091451645,0.116644382477,0.00284090917557,86.9686203003,1.11142849922,0.569281041622,Metal
0,Korn,0.93249630928,0.082844093442,0.00179386825766,103.935310364,1.20376574993,0.661133944988,Metal
0,Korn,0.923862099648,0.0762571394444,0.00294713582844,110.394493103,1.05318975449,0.636568248272,Metal
0,Korn,0.886551380157,0.0911569297314,0.00255580176599,109.416297913,1.06025755405,0.521656811237,Metal
0,Korn,0.877119779587,0.0987427979708,0.00288108969107,98.5289840698,1.04881513119,0.523006856441,Metal
0,Depeche Mode,0.963916778564,0.0536988377571,0.00244085607119,94.085105896,1.45365166664,0.733998656273,Pop
0,David Bowie,0.762198805809,0.0371447019279,0.00129198969807,133.005996704,1.02818119526,0.661855578423,Rock
0,David Bowie,0.642256557941,0.0649291276932,0.00251486059278,89.0027694702,1.01199805737,0.712997555733,Rock
0,David Bowie,0.859670817852,0.0551337897778,0.00211574370041,164.445678711,1.13049447536,0.644607126713,Rock
0,Depeche Mode,0.865491271019,0.0615325830877,0.00248423474841,125.096763611,1.37435436249,0.728774487972,Electronic
0,Depeche Mode,0.864223539829,0.0569154545665,0.00150172703434,119.578788757,1.19633686543,0.548137187958,Electronic
0,Depeche Mode,0.924956917763,0.0568739771843,0.00204582652077,134.094604492,1.38575148582,0.629853010178,Pop
0,Depeche Mode,0.757433891296,0.046857509762,0.00175915565342,99.1048126221,1.01295542717,0.651138901711,Pop
0,Depeche Mode,0.943798482418,0.0710995420814,0.00240336474963,134.557769775,1.50930929184,0.58343231678,Electronic
0,Depeche Mode,0.867406189442,0.0547491125762,0.00102868897375,127.333328247,1.51329362392,0.695507228374,Electronic
0,Depeche Mode,0.883327722549,0.0434616133571,0.0019146084087,120.722808838,1.37936973572,0.71063709259,Electronic
0,Depeche Mode,0.759469866753,0.0415138043463,0.00231704954058,100.863494873,1.10093581676,0.488220483065,Electronic
0,Depeche Mode,0.729817986488,0.0560805276036,0.00164338538889,156.012619019,1.42642307281,0.68402415514,Electronic
0,Depeche Mode,0.874139487743,0.0522843487561,0.00214415299706,86.6342849731,1.019759655,0.540278255939,Electronic
0,Depeche Mode,0.70854306221,0.0493440367281,0.00195809663273,139.648254395,1.31497704983,0.540682137012,Electronic
0,Depeche Mode,0.924062132835,0.0589743591845,0.00192307692487,116.721504211,1.29112148285,0.66269248724,Pop
0,Depeche Mode,0.783754467964,0.0428771786392,0.00160288519692,90.1761627197,1.14816260338,0.556441903114,Electronic
0,Depeche Mode,0.886896491051,0.061152882874,0.00426065176725,150.556869507,1.38088202477,0.563037335873,Electronic
0,The Beatles,0.965402007103,0.0758697241545,0.00370096229017,88.6355895996,1.19178771973,0.673146903515,Pop
0,The Beatles,0.950021624565,0.0500927641988,0.0029684600886,120.369537354,1.09836828709,0.753376543522,Pop
0,The Beatles,0.947670042515,0.0521114096045,0.00359389046207,172.265777588,1.0885322094,0.657345235348,Pop
0,The Beatles,0.924347937107,0.0423076935112,0.00295857992023,88.3018035889,1.09582090378,0.655039250851,Pop
0,The Beatles,0.936652719975,0.0665997341275,0.00535475229844,131.879501343,1.07117235661,0.54107183218,Pop
0,Korn,0.729411423206,0.0513349249959,0.00119383551646,102.823722839,1.2540872097,0.523118555546,Metal
0,André Rieu,0.085985943675,0.0506167598069,0.00276478100568,165.176498413,0.876964092255,0.633155405521,Classical
0,Korn,0.801198065281,0.0631651207805,0.00171644357033,104.147834778,1.07604289055,0.76627177,Metal
0,André Rieu,0.875314712524,0.0431381314993,0.00223513622768,117.624832153,1.0429854393,0.684908568859,Classical
0,André Rieu,0.796302080154,0.0441216044128,0.00349744409323,79.2119216919,0.907451629639,0.625837504864,Classical
0,André Rieu,0.76522153616,0.0432515330613,0.00276073627174,125.678230286,0.926092624664,0.679086983204,Classical
0,André Rieu,0.511894762516,0.0442338064313,0.00421274360269,109.821777344,0.925701498985,0.618409514427,Classical
0,André Rieu,0.829726934433,0.0445344112813,0.0055207950063,123.492385864,0.970703601837,0.635339677334,Classical
0,André Rieu,0.243005171418,0.0364006347954,0.00271309074014,155.16583252,0.889954864979,0.640591084957,Classical
0,André Rieu,0.730242371559,0.0480339080095,0.0025900634937,111.728820801,0.990388929844,0.624038219452,Classical
0,André Rieu,0.590182840824,0.041182525456,0.00176496547647,107.726722717,0.961290597916,0.640056550503,Classical
0,André Rieu,0.854775547981,0.0208333339542,0.00204918021336,140.374099731,0.988097190857,0.742264270782,Classical
0,André Rieu,0.823025166988,0.0298092216253,0.00238473759964,126.342819214,0.9041929245,0.592755913734,Classical
0,André Rieu,0.0295852571726,0.0366035848856,0.0032370518893,172.265472412,0.815474927425,0.688687026501,Classical
0,André Rieu,0.800834059715,0.0328443869948,0.00318877561949,120.5675354,0.806008160114,0.541975438595,Classical
0,André Rieu,0.808746516705,0.0377358496189,0.0014106859453,110.764129639,1.12447667122,0.682125270367,Classical
0,André Rieu,0.464460164309,0.0424683243036,0.00258094794117,117.192146301,0.854519605637,0.668716847897,Classical
0,André Rieu,0.21208229661,0.0243161097169,0.00193423603196,150.77255249,1.16138982773,0.73691701889,Classical
0,André Rieu,0.438182830811,0.0430142320693,0.00323415268213,172.26550293,0.822954595089,0.706314921379,Classical
0,André Rieu,0.204905629158,0.0356585681438,0.00312012480572,172.265762329,0.89608335495,0.635217905045,Classical
0,André Rieu,0.451061874628,0.0267333183438,0.00195609638467,128.599014282,0.907368183136,0.756498157978,Classical
0,André Rieu,0.776017069817,0.0207416713238,0.00219987425953,163.109710693,0.889452815056,0.808916985989,Classical
0,Korn,0.904665887356,0.0841861367226,0.00270322454162,102.959487915,0.959672987461,0.504133343697,Metal
0,Depeche Mode,0.77312040329,0.0521624796093,0.0020455874037,97.3669662476,1.22814142704,0.534152030945,Pop
0,Depeche Mode,0.855946481228,0.0682128220797,0.00409276923165,115.76133728,1.12334382534,0.643400013447,Electronic
0,Depeche Mode,0.957132339478,0.0692385807633,0.00284263957292,102.866897583,1.11624360085,0.657504081726,Electronic
0,Depeche Mode,0.933202445507,0.0843427553773,0.00224315840751,135.85194397,1.10549390316,0.524044454098,Electronic
0,Depeche Mode,0.965064644814,0.0620976909995,0.00492237787694,94.0143127441,1.43047738075,0.542839765549,Electronic
0,Depeche Mode,0.702750086784,0.0646089911461,0.00175915565342,95.9253234863,1.00867068768,0.518827259541,Electronic
0,Korn,0.924596309662,0.0859607383609,0.00416418816894,111.085914612,0.97179710865,0.705190062523,Metal
0,Korn,0.948175609112,0.102599725127,0.00218297285028,86.994354248,1.02266728878,0.755879223347,Metal
0,Korn,0.93358027935,0.10681399703,0.00196439540014,124.973312378,1.11622953415,0.574777126312,Metal
0,Korn,0.945099234581,0.123256258667,0.00305751967244,124.395851135,1.43493676186,0.482116550207,Metal
0,Korn,0.928879618645,0.0903452560306,0.00268761627376,94.0615158081,1.25152790546,0.449180483818,Metal
0,Korn,0.970456540585,0.0704800784588,0.00663942797109,137.556137085,1.05068862438,0.352397292852,Metal
0,Korn,0.868828833103,0.0814682170749,0.00358102051541,107.286636353,1.09949624538,0.570694208145,Metal
0,Korn,0.948930621147,0.0930232554674,0.00295624742284,109.988090515,1.21187341213,0.509459793568,Metal
0,Korn,0.921361327171,0.0810254514217,0.00261976057664,98.9350662231,1.09634947777,0.714157521725,Metal
0,Korn,0.913257718086,0.0771271139383,0.00326463975944,90.885383606,0.949613213539,0.659383535385,Metal
0,Korn,0.970256626606,0.106206588447,0.00403316132724,92.052444458,1.27999842167,0.526445090771,Metal
0,Korn,0.963730812073,0.107096046209,0.00318292458542,101.914535522,1.11221826077,0.602589428425,Metal
0,Korn,0.836927771568,0.0801104977727,0.00483425427228,162.367263794,1.69515764713,0.719894587994,Metal
0,David Bowie,0.590632081032,0.0795163884759,0.00395256932825,118.079162598,1.04909336567,0.603705585003,Pop
0,David Bowie,0.921660006046,0.0641007274389,0.00157390185632,125.005126953,1.16780996323,0.656560122967,Rock
0,David Bowie,0.941006183624,0.0508130080998,0.00279471534304,111.37122345,1.05315029621,0.506359279156,Pop
0,David Bowie,0.958973586559,0.0430301465094,0.00309198652394,112.140975952,1.06168448925,0.47150850296,Pop
0,David Bowie,0.896614432335,0.0732222497463,0.00258155353367,154.344726562,0.965695679188,0.735415756702,Rock
0,David Bowie,0.945878982544,0.0475059375167,0.00326603325084,119.967544556,1.02254629135,0.629403352737,Pop
0,Depeche Mode,0.722851574421,0.0678169578314,0.00195048761088,94.0495452881,1.17686712742,0.68786919117,Pop
0,Depeche Mode,0.761147558689,0.102936096489,0.00276338518597,119.985603333,1.12028229237,0.463507980108,Electronic
0,Depeche Mode,0.219430595636,0.120258785784,0.00190282892436,100.993125916,1.18638694286,0.477686971426,Electronic
0,Depeche Mode,0.865047633648,0.0659778267145,0.00139920355286,122.970314026,1.36498785019,0.510904967785,Electronic
0,Depeche Mode,0.922784745693,0.0387855395675,0.000877500860952,107.938972473,1.18789768219,0.470623135567,Rock
0,Depeche Mode,0.897784650326,0.0473530180752,0.0010641127592,122.943000793,1.44298505783,0.505100190639,Electronic
0,Depeche Mode,0.962193131447,0.0757595151663,0.00128188694362,113.967247009,1.70004820824,0.513884067535,Electronic
0,Depeche Mode,0.89064770937,0.065885797143,0.00107369443867,129.423492432,1.73769319057,0.474231958389,Electronic
0,Depeche Mode,0.456981241703,0.03803486377,0.00176087336149,111.676544189,0.974441349506,0.509242534637,Electronic
0,Depeche Mode,0.85691434145,0.0840364694595,0.000748503021896,128.004821777,1.53768718243,0.390403270721,Electronic
0,Depeche Mode,0.966080367565,0.035106882453,0.0010922140209,134.642425537,1.49319911003,0.636134386063,Electronic
0,Depeche Mode,0.966694355011,0.0624618008733,0.000977875548415,97.9503479004,1.28528356552,0.415748417377,Electronic
0,Depeche Mode,0.671883106232,0.0604655221105,0.000787539349403,127.989959717,1.38850831985,0.712045907974,Electronic
0,Depeche Mode,0.809143006802,0.0648604258895,0.00152474781498,112.454627991,1.1201120615,0.506099879742,Electronic
0,Depeche Mode,0.263826668262,0.0189520623535,0.00127408828121,108.692070007,1.03757369518,0.47005456686,Electronic
0,Depeche Mode,0.758577227592,0.123989216983,0.00286388141103,127.437271118,1.17534732819,0.409239500761,Electronic
0,Depeche Mode,0.918679714203,0.0621955171227,0.00113673275337,105.958267212,1.22342729568,0.621283352375,Electronic
0,Depeche Mode,0.959446251392,0.0667989403009,0.00198412709869,129.886734009,1.08038949966,0.55449461937,Rock
0,Depeche Mode,0.947783112526,0.0453713871539,0.000975728733465,127.005775452,1.64886415005,0.453753113747,Electronic
0,Depeche Mode,0.903023302555,0.0952427014709,0.00116031710058,113.591789246,1.68509495258,0.554511666298,Electronic
0,Depeche Mode,0.936804413795,0.0599287748337,0.00135085347574,132.53805542,1.51816725731,0.601123809814,Electronic
0,Depeche Mode,0.704322218895,0.0764520764351,0.00144570111297,94.9229125977,1.09742355347,0.538795232773,Pop
0,Depeche Mode,0.837763488293,0.0586597211659,0.00125763565302,95.1983261108,1.28332567215,0.476975023746,Pop
0,Depeche Mode,0.937348544598,0.0807287320495,0.00217282306403,122.004379272,1.46513998508,0.477733075619,Pop
0,Hans Zimmer,0.236712381244,0.0368694476783,0.00217864918523,162.426879883,0.940997958183,0.564892351627,Classical
0,Hans Zimmer,0.124015957117,0.0409060902894,0.00219925236888,97.1222763062,1.01741743088,0.717038989067,Classical
0,Hans Zimmer,0.0213140714914,0.0479553490877,0.00159471470397,142.875991821,0.935939013958,0.638587296009,Classical
0,Hans Zimmer,0.144065961242,0.0454771630466,0.0010946362745,136.046417236,0.946445941925,0.630290746689,Pop
0,André Rieu,0.252494424582,0.041093159467,0.00219429493882,98.0388946533,0.911446511745,0.654699504375,Classical
0,André Rieu,0.246219456196,0.0308515019715,0.00308515015058,172.265487671,0.875160813332,0.545276582241,Classical
0,Hans Zimmer,0.124091058969,0.0532453246415,0.00161349470727,165.164337158,0.935754239559,0.383564054966,Classical
0,Hans Zimmer,0.00358312297612,0.0591174028814,0.00915903411806,123.122238159,0.772047221661,0.508957326412,Classical
0,Hans Zimmer,0.0404989160597,0.0377037785947,0.00162249861751,116.733192444,0.972952663898,0.425512760878,Classical
0,Hans Zimmer,0.595281898975,0.0375478938222,0.00766283506528,135.821060181,1.07160007954,0.574613749981,Classical
0,Hans Zimmer,0.0862300544977,0.0629915222526,0.00161912105978,165.36138916,0.974557161331,0.28323289752,Classical
0,Hans Zimmer,0.0231265220791,0.0372714474797,0.00193389586639,117.793174744,0.884382903576,0.522977471352,Classical
0,Hans Zimmer,0.299978405237,0.0747173950076,0.00202187290415,166.031417847,0.98277425766,0.270035505295,Classical
0,Hans Zimmer,0.100634604692,0.0255139227957,0.00174952612724,156.444595337,0.842059195042,0.624322533607,Classical
0,Korn,0.636128127575,0.102509237826,0.00369577901438,120.256530762,1.03583407402,0.753832161427,Metal
0,Korn,0.728947937489,0.0794259980321,0.00233605876565,129.420196533,1.15786910057,0.67759591341,Metal
0,Korn,0.605267643929,0.108851887286,0.00333041185513,150.670822144,1.02990365028,0.643780350685,Metal
0,Korn,0.909780561924,0.0846733152866,0.00346020772122,91.1522903442,1.09538066387,0.568015396595,Metal
0,Korn,0.737178742886,0.093468464911,0.00239301798865,107.543670654,1.09550452232,0.639988720417,Metal
0,Korn,0.000724783632904,0.0356207452714,0.00680984789506,155.050521851,0.884307384491,0.477485239506,Metal
0,Korn,0.376041829586,0.0436005629599,0.00200924254023,105.238327026,1.03985548019,0.565319299698,Metal
0,Korn,0.669248759747,0.076696164906,0.00294985249639,107.365982056,0.967802345753,0.570411205292,Metal
0,Korn,0.94526475668,0.0802010074258,0.00341708539054,154.900558472,1.14861524105,0.622892141342,Metal
0,David Bowie,0.616508662701,0.0553791895509,0.00164609053172,112.828613281,1.06725168228,0.525458872318,Rock
0,David Bowie,0.930100619793,0.0609065145254,0.00222581950948,97.0037689209,1.59589970112,0.664444446564,Pop
0,David Bowie,0.85113209486,0.0545732751489,0.00204012240283,99.9742050171,1.33033883572,0.539899468422,Rock
0,David Bowie,0.847672522068,0.063127964735,0.00227488158271,101.989997864,1.18677890301,0.55668836832,Pop
0,David Bowie,0.579259812832,0.0863687545061,0.00563274510205,136.219085693,1.02682805061,0.51143091917,Electronic
0,David Bowie,0.91642343998,0.0793287530541,0.00610221223906,125.054473877,1.29052960873,0.70378023386,Electronic
0,David Bowie,0.770460903645,0.0903498679399,0.00365244131535,130.529678345,1.08781802654,0.438354641199,Electronic
0,David Bowie,0.719594240189,0.0440642051399,0.00136281037703,122.036155701,1.07611966133,0.716431796551,Pop
0,David Bowie,0.851275980473,0.0646246448159,0.00194759201258,88.0031356812,1.29059147835,0.691106379032,Pop
0,David Bowie,0.869099676609,0.0860414206982,0.00286243483424,106.576622009,1.2069491148,0.554736554623,Pop
0,David Bowie,0.849628984928,0.0724241957068,0.00172438565642,99.7398757935,1.19738566875,0.626248180866,Rock
0,David Bowie,0.855827271938,0.0452520921826,0.00178157852497,154.030395508,1.16427505016,0.631511867046,Pop
0,David Bowie,0.681404948235,0.0797145292163,0.00181444291957,127.977355957,1.47479426861,0.499020516872,Pop
0,David Bowie,0.950885295868,0.0650406479836,0.00168737536296,98.9970855713,1.46313667297,0.656554341316,Pop
0,Hans Zimmer,0.000276824488537,0.0498590543866,0.00317124743015,135.096969604,0.866054952145,0.647964000702,Classical
0,Hans Zimmer,0.0291213002056,0.0121110491455,0.00149059062824,107.334037781,0.913495361805,0.668415725231,Classical
0,Hans Zimmer,3.86143219657e-05,0.0332900285721,0.00121792790014,128.938247681,0.753284931183,0.564630508423,Classical
0,Hans Zimmer,0.00107416685205,0.0515829697251,0.00545851513743,143.819351196,0.829104542732,0.508698046207,Classical
0,Hans Zimmer,0.00131043745205,0.0329851582646,0.0035733920522,96.9075164795,0.800954043865,0.273532480001,Classical
0,Hans Zimmer,0.06438831985,0.0320575721562,0.00261694472283,147.249176025,0.756397724152,0.620352208614,Classical
0,Hans Zimmer,0.000338106619893,0.0292760320008,0.00201903656125,105.867355347,0.760274410248,0.609167814255,Classical
0,Hans Zimmer,0.00230521871708,0.0219298247248,0.00301535078324,104.274543762,0.874517321587,0.667578577995,Classical
0,Metallica,0.931412339211,0.0842998549342,0.00169731257483,115.257575989,1.25303685665,0.582244992256,Metal
0,Metallica,0.64067107439,0.0495104901493,0.000839160813484,117.77230072,1.08723986149,0.578766167164,Metal
0,Metallica,0.826329708099,0.0625664666295,0.00194966327399,118.090072632,1.12922620773,0.662271022797,Metal
0,Metallica,0.927605628967,0.057092666626,0.00117113161832,166.193267822,1.24523484707,0.672599494457,Metal
0,Metallica,0.858602583408,0.0616317763925,0.00176090782043,163.054199219,1.26285421848,0.650991678238,Metal
0,Depeche Mode,0.314012736082,0.0558713972569,0.00215643993579,74.8013763428,1.15270555019,0.450429350138,Electronic
0,Hans Zimmer,0.00993985962123,0.0467005074024,0.00482233520597,87.5204391479,0.820727646351,0.458037167788,Classical
0,Hans Zimmer,0.000461706862552,0.039508163929,0.00382987293415,114.67326355,0.768641293049,0.427299022675,Classical
0,Hans Zimmer,0.201990455389,0.0520191639662,0.0116358660161,91.743888855,0.810632705688,0.504915654659,Classical
0,Hans Zimmer,0.449330568314,0.0433031208813,0.00115091353655,132.302230835,0.960351407528,0.516306757927,Classical
0,Hans Zimmer,0.000267817027634,0.0326698385179,0.0015144959325,107.199050903,0.829889595509,0.553419709206,Classical
0,Hans Zimmer,0.00113314285409,0.0492492504418,0.00300300307572,110.974212646,0.836759388447,0.382236391306,Classical
0,Hans Zimmer,0.0381357818842,0.0353574156761,0.00192159879953,82.2086257935,0.798995018005,0.578502893448,Classical
0,Hans Zimmer,0.716651260853,0.0313513502479,0.00864864885807,110.962730408,0.780271232128,0.573832273483,Classical
0,Hans Zimmer,0.0263911373913,0.0457159727812,0.00280194659717,148.518539429,0.825234174728,0.460561692715,Classical
0,Hans Zimmer,0.058572396636,0.052532043308,0.00252153817564,96.0440063477,0.862862110138,0.575504243374,Classical
0,Hans Zimmer,0.131906419992,0.0345167666674,0.00460223527625,104.024406433,0.9178186059,0.541879475117,Classical
0,Hans Zimmer,0.0092689236626,0.036753769964,0.0015933716204,151.690231323,0.820970058441,0.402849376202,Classical
0,Hans Zimmer,0.0233479719609,0.0442678779364,0.00321604241617,95.9949645996,0.796530604362,0.302763909101,Classical
0,Hans Zimmer,0.0593538470566,0.0374821163714,0.00457796873525,129.677520752,0.900799870491,0.515721023083,Classical
0,Hans Zimmer,0.0403898321092,0.055933482945,0.00453514745459,89.5358123779,0.957019805908,0.46272033453,Classical
0,The Beatles,0.976657509804,0.0800569802523,0.00427350448444,139.224914551,1.38179659843,0.600451469421,Rock
0,The Beatles,0.951020658016,0.103812880814,0.00512656196952,117.529998779,1.15114569664,0.583412826061,Rock
0,The Beatles,0.869947612286,0.0526411309838,0.00163369032089,100.3826828,1.20934319496,0.693640053272,Pop
0,The Beatles,0.96193832159,0.0819846093655,0.00451048044488,121.027053833,1.34598493576,0.442315518856,Rock
0,The Beatles,0.893070161343,0.035763412714,0.00206327368505,129.335067749,1.19378328323,0.686013698578,Pop
0,The Beatles,0.271277070045,0.0775058269501,0.00349650345743,132.932266235,1.11889898777,0.667561888695,Pop
0,The Beatles,0.470520317554,0.0483870953321,0.00250896066427,134.985916138,1.24875402451,0.713320493698,Pop
0,The Beatles,0.914321601391,0.0629290640354,0.00286041200161,143.31590271,1.34746003151,0.652633666992,Pop
0,The Beatles,0.529802501202,0.0651021972299,0.00454201363027,138.510772705,1.07308709621,0.562767624855,Pop
0,The Beatles,0.793134987354,0.0615128837526,0.00415627611801,92.4650878906,1.06877589226,0.638120472431,Pop
0,The Beatles,0.768564105034,0.0562758632004,0.00275862077251,103.855239868,1.14974808693,0.643867492676,Pop
0,The Beatles,0.772268533707,0.0775100365281,0.00602409616113,133.377304077,1.11272060871,0.652572035789,Pop
0,The Beatles,0.887217104435,0.0535643957555,0.00472627021372,125.36882019,1.12216675282,0.734811246395,Pop
0,The Beatles,0.803830206394,0.0790982022882,0.00420328602195,97.3930358887,1.12287020683,0.698222637177,Pop
0,The Beatles,0.85473793745,0.0642102435231,0.00298022222705,152.322418213,1.21577012539,0.751566112041,Pop
0,The Beatles,0.790616035461,0.0751856416464,0.00340346526355,135.533584595,1.11344194412,0.641280055046,Pop
0,The Beatles,0.926302969456,0.0870986953378,0.00326991686597,162.973373413,1.26418888569,0.68138229847,Pop
0,The Beatles,0.92154443264,0.0981922745705,0.00575184868649,91.0249404907,1.37223637104,0.630421459675,Pop
0,The Beatles,0.329020798206,0.0883977934718,0.00509987259284,142.984268188,1.07112336159,0.617752850056,Pop
0,The Beatles,0.938786566257,0.0772889405489,0.00475624250248,162.145355225,1.2079616785,0.57289481163,Pop
0,The Beatles,0.705019772053,0.061383061111,0.00233100238256,117.073425293,1.09072875977,0.731741130352,Pop
0,The Beatles,0.871158778667,0.0629505068064,0.00432484364137,96.6104125977,1.13197910786,0.63106751442,Rock
0,The Beatles,0.914801001549,0.0596970580518,0.0032670032233,92.777130127,1.1478369236,0.690210103989,Rock
0,The Beatles,0.90289491415,0.0338913835585,0.00244997953996,140.673858643,1.15023481846,0.683056175709,Pop
0,The Beatles,0.928361833096,0.0334667153656,0.00291014905088,129.680770874,1.32185435295,0.742322206497,Pop
0,The Beatles,0.897078692913,0.0754779204726,0.00494396826252,166.160400391,1.25583696365,0.703485250473,Rock
0,The Beatles,0.549793422222,0.0706376507878,0.00381825119257,140.400863647,1.12142562866,0.830820441246,Pop
0,The Beatles,0.849481403828,0.0384204909205,0.00186766276602,104.869865417,1.2223174572,0.668491780758,Pop
0,The Beatles,0.703995168209,0.091460570693,0.0069995331578,135.693496704,1.04003882408,0.734080612659,Pop
0,The Beatles,0.769973039627,0.0255204830319,0.00335795828141,136.222717285,1.05458462238,0.615439832211,Pop
0,The Beatles,0.62679618597,0.0480109751225,0.00329218106344,102.483055115,1.00751245022,0.692711353302,Pop
0,The Beatles,0.914358973503,0.0825958698988,0.00331858405843,184.570739746,1.1765358448,0.656895756721,Pop
0,The Beatles,0.930375039577,0.0782366991043,0.00635424954817,134.960250854,1.07843077183,0.680078089237,Pop
0,Depeche Mode,0.554516613483,0.0683539286256,0.00278995605186,132.881347656,0.964607417583,0.642323791981,Electronic
0,Depeche Mode,0.743619740009,0.0421490818262,0.00221152603626,99.0217208862,0.935095608234,0.639871478081,Electronic
0,Depeche Mode,0.656864285469,0.0419373884797,0.00162433553487,126.08821106,1.10604095459,0.597925305367,Electronic
0,Depeche Mode,0.145352065563,0.0510248579085,0.00327082420699,100.042739868,0.910219073296,0.530590474606,Electronic
0,Depeche Mode,0.639495909214,0.0568561889231,0.00217391294427,109.030601501,1.05296576023,0.559321761131,Electronic
0,Korn,0.912983119488,0.0822473838925,0.003204443492,129.917892456,1.0433961153,0.781054139137,Metal
0,David Bowie,0.714876651764,0.0849897190928,0.00411240570247,120.853767395,1.12057864666,0.555604934692,Rock
0,David Bowie,0.82025718689,0.0889061316848,0.00294802174903,125.56652832,1.15084481239,0.412578701973,Rock
0,David Bowie,0.772191643715,0.0678248032928,0.0025873221457,91.3644790649,1.18680751324,0.656432032585,Rock
0,David Bowie,0.918519198895,0.0674455016851,0.00180657592136,119.357803345,1.35188031197,0.626477062702,Rock
0,David Bowie,0.857316017151,0.0466484539211,0.00168102537282,100.549980164,1.22508728504,0.623949289322,Rock
0,David Bowie,0.925700008869,0.0900421366096,0.0037702373229,125.860061646,1.17692148685,0.729594647884,Rock
0,David Bowie,0.896044313908,0.0640542581677,0.0016578749055,129.911300659,1.11638009548,0.534705936909,Rock
0,David Bowie,0.916095674038,0.0773209929466,0.00149741361383,98.7331390381,1.32038938999,0.660660386086,Rock
0,David Bowie,0.562837839127,0.0517574958503,0.00290228961967,144.407546997,1.02643847466,0.347400277853,Rock
0,David Bowie,0.891316235065,0.0547478012741,0.00215401174501,143.110931396,1.19701516628,0.71876001358,Rock
0,David Bowie,0.952759683132,0.0757201611996,0.00267489720136,136.258270264,1.18733692169,0.554565668106,Rock
0,David Bowie,0.297618895769,0.0616221129894,0.00271862256341,140.57270813,1.15412414074,0.665242612362,Pop
0,David Bowie,0.81040173769,0.0771883279085,0.00291777192615,155.519515991,1.2521904707,0.722361624241,Pop
0,David Bowie,0.819775342941,0.0610073804855,0.00325662177056,117.008987427,0.997060835361,0.493541657925,Pop
0,David Bowie,0.919135451317,0.0708393976092,0.00226427312009,144.222503662,1.16932928562,0.542208731174,Rock
0,David Bowie,0.427519649267,0.0858113840222,0.00424808822572,178.205841064,0.919482290745,0.6096534729,Rock
0,David Bowie,0.916558742523,0.0744606852531,0.00243562972173,109.422401428,1.17276465893,0.676920175552,Pop
0,André Rieu,0.0398956723511,0.0291734188795,0.00189086981118,132.835388184,0.895868778229,0.688476920128,Classical
0,André Rieu,0.736252486706,0.0421353019774,0.0023501762189,97.5407562256,1.02603054047,0.494505703449,Classical
0,André Rieu,0.425720721483,0.0481882356107,0.00178823526949,178.206008911,0.928819477558,0.600033462048,Classical
0,Depeche Mode,0.788306713104,0.0493594557047,0.00150715897325,151.985122681,1.29092812538,0.582769632339,Electronic
0,Depeche Mode,0.862036406994,0.0806922465563,0.00229357788339,129.961517334,1.21898841858,0.536833643913,Electronic
0,Depeche Mode,0.881343245506,0.0487690120935,0.00172494899016,84.9642868042,1.16112911701,0.514345109463,Electronic
0,Hans Zimmer,0.493196517229,0.0261399950832,0.00348533247598,148.944213867,0.995039641857,0.592966556549,Classical
0,Hans Zimmer,0.194578558207,0.0543423071504,0.0045708483085,114.401031494,0.860365271568,0.52644443512,Classical
0,Hans Zimmer,0.620565474033,0.056664519012,0.0027902983129,142.055953979,1.32980155945,0.59949195385,Pop
0,Hans Zimmer,0.720990121365,0.0592274665833,0.00858369097114,162.801452637,0.903931558132,0.630431175232,Classical
0,Hans Zimmer,0.89479392767,0.0631665289402,0.00246103364043,132.951400757,1.16290259361,0.422938138247,Classical
0,André Rieu,0.790850639343,0.0498881824315,0.00223636673763,136.262176514,0.938699364662,0.52671456337,Classical
0,André Rieu,0.755233943462,0.0393435247242,0.00179856119212,178.206283569,0.905384063721,0.712517440319,Classical
0,Depeche Mode,0.846990823746,0.0415780320764,0.00212724809535,102.974731445,1.08806216717,0.544636547565,Pop
0,Depeche Mode,0.829573214054,0.070718511939,0.00163583736867,94.8744354248,1.03044462204,0.621669411659,Electronic
0,André Rieu,0.53835362196,0.0648215562105,0.0043699927628,99.6639862061,1.00684630871,0.75614541769,Classical
0,André Rieu,0.862956404686,0.0608158223331,0.00247218785807,153.74281311,1.13101792336,0.753510057926,Classical
0,André Rieu,0.828870475292,0.047652091831,0.00254452927038,184.570648193,1.30123627186,0.793921947479,Classical
0,André Rieu,0.392510086298,0.0573420748115,0.00156103656627,178.2059021,0.913323998451,0.611875236034,Classical
0,André Rieu,0.394641190767,0.0629612579942,0.00253690034151,123.344261169,1.0572912693,0.771858513355,Classical
0,Korn,0.852567434311,0.078947365284,0.00224282289855,142.045150757,1.09613883495,0.531407296658,Metal
0,Depeche Mode,0.919320523739,0.0575256124139,0.00157604413107,129.880966187,1.30247688293,0.565064847469,Electronic
0,Depeche Mode,0.97729498148,0.0542597174644,0.0016542597441,125.977416992,1.61360442638,0.549986898899,Electronic
0,Depeche Mode,0.803223967552,0.0448643527925,0.00105563178658,127.844329834,1.45992815495,0.563816308975,Electronic
0,Korn,0.800573766232,0.0986218005419,0.0032217646949,91.0716247559,1.001121521,0.446131527424,Metal
0,The Beatles,0.716625213623,0.0784913375974,0.00382263003848,153.149398804,1.13622200489,0.470474541187,Pop
0,Korn,0.93043410778,0.0870979428291,0.00271051679738,79.9348220825,1.18017673492,0.583782434464,Metal
0,Korn,0.976294636726,0.100980751216,0.00290592084639,97.0288696289,1.32988810539,0.317458480597,Metal
0,Korn,0.974193930626,0.110910184681,0.00301386369392,106.969284058,1.16864717007,0.568744421005,Metal
0,Korn,0.933568418026,0.0931400954723,0.00328502408229,96.9858093262,1.16712248325,0.47380360961,Metal
0,Korn,0.939609706402,0.0820441544056,0.00260733533651,105.905914307,1.17501199245,0.53495067358,Metal
0,Korn,0.899467647076,0.0903049260378,0.0027365128044,132.068344116,1.07765638828,0.639935553074,Metal
0,Korn,0.910709500313,0.0849246233702,0.00268006697297,122.183952332,0.981370747089,0.506439089775,Metal
0,Korn,0.884193062782,0.072247132659,0.00249128043652,112.953453064,1.13952720165,0.620883405209,Metal
0,Korn,0.9337926507,0.117321126163,0.0031317754183,97.901222229,1.0922254324,0.521554470062,Metal
0,Korn,0.95344209671,0.0733130946755,0.0030352557078,112.942245483,1.14061272144,0.518921673298,Metal
0,André Rieu,0.214248299599,0.0486274510622,0.00196078442968,172.265960693,0.856981396675,0.560898602009,Classical
0,André Rieu,0.504377245903,0.063143633306,0.00352303520776,94.1638336182,1.08745706081,0.707057893276,Classical
0,André Rieu,0.642052531242,0.0297235902399,0.00132525560912,164.742584229,0.855964064598,0.648994445801,Classical
0,André Rieu,0.880156219006,0.0549777112901,0.00386329856701,140.117492676,0.96144515276,0.709088206291,Classical
0,André Rieu,0.695075750351,0.0475107990205,0.00227324385196,107.746490479,1.04534161091,0.661917984486,Classical
0,Depeche Mode,0.899150669575,0.0660606846213,0.00179234414827,92.0089797974,1.34092605114,0.519162535667,Electronic
0,Korn,0.694285452366,0.0637653470039,0.00207237363793,149.992843628,1.06582856178,0.572830379009,Metal
0,Korn,0.931919157505,0.0844937488437,0.00401227269322,163.903900146,1.10342442989,0.69092220068,Metal
0,Korn,0.86331820488,0.0807001590729,0.0040918388404,139.928314209,1.04413533211,0.426548212767,Metal
0,Metallica,0.93944466114,0.0847176089883,0.0017718715826,120.059837341,1.12868070602,0.480910360813,Metal
0,Metallica,0.750147402287,0.0733170434833,0.00155520997941,123.961708069,1.06924104691,0.654386162758,Metal
0,Metallica,0.897283375263,0.082947820425,0.00150618609041,128.412872314,1.13043904305,0.50543820858,Metal
0,Korn,0.837943732738,0.10488139838,0.00235247984529,70.0069732666,1.16453444958,0.540298104286,Metal
0,The Beatles,0.904082477093,0.0515789464116,0.00315789482556,73.501663208,1.16223084927,0.588600933552,Pop
0,The Beatles,0.680991828442,0.0282948631793,0.00297840661369,137.059387207,1.08448553085,0.529889047146,Pop
0,The Beatles,0.937956154346,0.0389654003084,0.00403090380132,124.137672424,1.42251765728,0.685588657856,Pop
0,The Beatles,0.733589172363,0.0450699627399,0.00227790442295,164.528564453,1.15401983261,0.623605966568,Rock
0,David Bowie,0.886234521866,0.0504769459367,0.00158982514404,119.590080261,1.09068310261,0.695816636086,Pop
0,Hans Zimmer,0.410652339458,0.0382527150214,0.00271470868029,95.5237884521,0.923578321934,0.528494536877,Classical
0,Hans Zimmer,0.0032224659808,0.0208193417639,0.00201477506198,119.908454895,0.863962113857,0.581034243107,Classical
0,Hans Zimmer,0.0040342900902,0.037597540766,0.00307401269674,123.123542786,0.770314097404,0.46977686882,Classical
0,Hans Zimmer,0.0105441231281,0.0260638296604,0.00292553193867,113.884231567,0.900469064713,0.475465327501,Classical
0,Hans Zimmer,0.295372933149,0.0602174513042,0.0019514914602,143.46762085,0.832291603088,0.625091254711,Classical
0,Hans Zimmer,0.496101230383,0.0354984886944,0.0037764350418,103.751808167,1.02765130997,0.50406306982,Classical
0,Korn,0.948859393597,0.126753970981,0.0037418147549,150.062606812,1.20233750343,0.51145285368,Metal
0,The Beatles,0.964578032494,0.0317460335791,0.00481000496075,165.909744263,1.24277925491,0.7299477458,Pop
0,The Beatles,0.675143897533,0.0395738221705,0.00558092352003,80.9368515015,0.911227464676,0.625836253166,Pop
0,The Beatles,0.865091741085,0.056154821068,0.00475888326764,150.588165283,1.18146002293,0.311389237642,Pop
0,The Beatles,0.620511293411,0.0503156669438,0.00306102936156,178.205825806,1.02388119698,0.585713505745,Rock
0,David Bowie,0.765483260155,0.0484357327223,0.00207312474959,79.9694442749,1.04873692989,0.602972447872,Pop
0,Korn,0.824149549007,0.0765906721354,0.00178810907528,89.7798995972,1.14492177963,0.617737293243,Metal
0,The Beatles,0.936950802803,0.0865733548999,0.00276481779292,165.377227783,0.994418859482,0.579168558121,Rock
0,David Bowie,0.698472261429,0.0432073138654,0.00332363927737,94.0279388428,0.993721365929,0.435056656599,Pop
0,Korn,0.819226324558,0.113572664559,0.00186841050163,89.5028839111,1.2380720377,0.63007158041,Metal
0,David Bowie,0.917737305164,0.0648093298078,0.002371073002,136.03994751,1.23876965046,0.596074342728,Rock
0,David Bowie,0.844672501087,0.0542910434306,0.00167910452001,103.024703979,1.03544783592,0.488938331604,Rock
0,David Bowie,0.952753067017,0.0629483908415,0.00323999067768,172.26512146,1.19584321976,0.566744923592,Rock
0,David Bowie,0.84919667244,0.0513233207166,0.00321888411418,103.975288391,1.00835704803,0.558057248592,Rock
0,David Bowie,0.938909590244,0.0502134934068,0.00290350127034,120.048950195,1.37305533886,0.232165619731,Rock
0,David Bowie,0.972646653652,0.0582283698022,0.00309725385159,95.0284576416,1.30610013008,0.655642271042,Rock
0,David Bowie,0.949810087681,0.0332161001861,0.0039077764377,103.986663818,1.35820508003,0.695599675179,Rock
0,David Bowie,0.863511502743,0.0403977632523,0.00310752028599,166.088989258,1.11903619766,0.525250673294,Rock
0,David Bowie,0.946273446083,0.0629386454821,0.00249037798494,122.061386108,1.45097136497,0.530515730381,Rock
0,David Bowie,0.959736406803,0.0544147826731,0.00308008212596,95.9419708252,1.13473474979,0.620458781719,Rock
0,David Bowie,0.907053828239,0.04317760095,0.00185528758448,161.696640015,1.19816112518,0.565963625908,Rock
0,Depeche Mode,0.956661641598,0.067950963974,0.00210157618858,123.9298172,1.34696674347,0.533110916615,Electronic
0,Depeche Mode,0.93602591753,0.0338473878801,0.00260364520364,119.943321228,1.18479907513,0.47713086009,Electronic
0,Depeche Mode,0.953382074833,0.0493010655046,0.00165338942315,126.491722107,1.40310359001,0.517429530621,Electronic
0,Depeche Mode,0.94541913271,0.0421603322029,0.00153869821224,98.9859161377,1.5298936367,0.591261804104,Electronic
0,Depeche Mode,0.891436934471,0.0570955723524,0.0018618121976,125.355552673,1.04075539112,0.621263384819,Pop
0,Depeche Mode,0.942371368408,0.0542830973864,0.00251946854405,125.00177002,1.24277162552,0.569356322289,Electronic
0,David Bowie,0.926725268364,0.0749821439385,0.00309450132772,150.811843872,1.25721859932,0.576096057892,Rock
0,Depeche Mode,0.878616213799,0.0870632380247,0.00187698530499,165.507705688,1.18125557899,0.558111667633,Rock
0,Korn,0.915073871613,0.107110545039,0.00253301975317,138.032867432,1.05481410027,0.757925868034,Metal
0,Korn,0.898656368256,0.0822704061866,0.0025510203559,87.5832290649,1.03823161125,0.548842430115,Metal
0,Korn,0.956898927689,0.070093460381,0.00222518923692,90.875541687,0.998267531395,0.699194312096,Metal
0,Korn,0.95555126667,0.0780734121799,0.00213633710518,90.0228652954,1.08930301666,0.468574076891,Metal
0,Korn,0.910091280937,0.0832535848022,0.0024880382698,100.992675781,1.08218038082,0.742619395256,Metal
0,Korn,0.937139034271,0.076856084168,0.0026126713492,93.0134658813,0.996244847775,0.6556391716,Metal
0,Korn,0.957989633083,0.0798528492451,0.00302964728326,113.014701843,1.25871324539,0.496396571398,Metal
0,Korn,0.849683880806,0.0649756118655,0.00175609753933,89.9316940308,1.0315349102,0.500415682793,Metal
0,Korn,0.887985229492,0.10000000149,0.00283687934279,114.495025635,1.01997673512,0.471134722233,Metal
0,Korn,0.958695948124,0.104597106576,0.00361570250243,111.928756714,1.22330272198,0.529888570309,Metal
0,Korn,0.952392578125,0.0906515568495,0.00264400383458,111.788040161,1.12257623672,0.507685601711,Metal
0,The Beatles,0.828743875027,0.0908353626728,0.00729927001521,124.219429016,1.11617076397,0.566251695156,Pop
0,Depeche Mode,0.575023114681,0.0543291047215,0.00203538429923,153.605804443,1.05096769333,0.513226270676,Electronic
0,André Rieu,0.594577372074,0.0316159240901,0.00292740040459,135.838165283,0.992042243481,0.691129744053,Classical
0,André Rieu,0.900552332401,0.0415101088583,0.00250492035411,138.553405762,1.10503852367,0.607373118401,Classical
0,André Rieu,0.927805006504,0.0484931506217,0.00219178083353,139.961380005,1.16628193855,0.706395864487,Classical
0,André Rieu,0.380675315857,0.0445197187364,0.00266150501557,120.064537048,0.880196213722,0.667380332947,Classical
0,Depeche Mode,0.74110686779,0.0366671234369,0.00136817619205,98.8524246216,1.0951218605,0.52851575613,Electronic
0,Metallica,0.965057075024,0.08036326617,0.00154215213843,129.689529419,1.24115800858,0.413086682558,Metal
0,Korn,0.925456225872,0.0769932493567,0.00255427835509,115.06678009,1.22759544849,0.728643536568,Metal
0,Metallica,0.937184274197,0.0879806354642,0.00158272043336,172.265335083,1.1989492178,0.52554911375,Metal
0,David Bowie,0.899943888187,0.0753093883395,0.00226380932145,105.760917664,1.17884802818,0.403781443834,Pop
0,David Bowie,0.770006537437,0.0471733435988,0.00187195802573,118.314865112,1.16007840633,0.565412580967,Rock
0,Korn,0.952467501163,0.0850818529725,0.00415033427998,86.0955200195,1.08904147148,0.378887891769,Metal
0,Korn,0.910062909126,0.0633303001523,0.0025477707386,122.057472229,1.09401214123,0.676584661007,Metal
0,Korn,0.873520731926,0.0858846306801,0.00273928465322,161.520950317,1.07402253151,0.587767481804,Metal
0,Korn,0.932668805122,0.0739064887166,0.00323206209578,103.049705505,1.18702471256,0.516398906708,Metal
0,Korn,0.954513013363,0.0807151943445,0.00229885056615,100.000083923,1.0952256918,0.756756424904,Metal
0,Korn,0.869923770428,0.0802752301097,0.00258027529344,129.832931519,0.984552145004,0.506418347359,Metal
0,Korn,0.94117641449,0.0772017240524,0.00294317421503,162.335693359,1.12859892845,0.624923288822,Metal
0,Korn,0.918071627617,0.0862644389272,0.00436457013711,111.922462463,1.09750330448,0.557501494884,Metal
0,Korn,0.820783615112,0.0814174562693,0.00276577356271,156.065765381,1.12313318253,0.651091396809,Metal
0,Korn,0.838535189629,0.0774836987257,0.00230149598792,125.008590698,1.12554848194,0.697100102901,Metal
0,Hans Zimmer,0.00360946147703,0.0171604938805,0.000987654319033,95.6424484253,0.869541287422,0.521744549274,Classical
0,The Beatles,0.907268583775,0.0802824273705,0.00366108794697,97.2938156128,1.11465358734,0.667505919933,Pop
0,Korn,0.948962211609,0.0956768244505,0.00336640677415,120.170516968,1.37534737587,0.654423594475,Metal
0,Korn,0.847215175629,0.0876928046346,0.00194153818302,104.348106384,1.13738572598,0.40133997798,Metal
0,David Bowie,0.831907331944,0.0553046017885,0.00122085213661,129.98890686,1.37717056274,0.478269726038,Rock
0,David Bowie,0.819043755531,0.0563583821058,0.00224791257642,136.844467163,1.28175663948,0.461413562298,Rock
0,David Bowie,0.847543895245,0.044248983264,0.00175913400017,119.960876465,1.05543386936,0.644374132156,Rock
0,David Bowie,0.931348621845,0.0434876196086,0.00236813770607,112.473808289,1.1007591486,0.59580719471,Rock
0,David Bowie,0.947982549667,0.031059877947,0.00128081976436,132.028030396,1.45105993748,0.669188797474,Rock
0,David Bowie,0.932054817677,0.0547372251749,0.00363702489994,102.091506958,1.15833735466,0.465291857719,Rock
0,David Bowie,0.961355686188,0.0623913034797,0.00413043471053,115.142372131,1.26721727848,0.484114825726,Rock
0,David Bowie,0.741200864315,0.0677131414413,0.00169282860588,148.854598999,1.10142230988,0.787230610847,Pop
0,David Bowie,0.783731758595,0.0535341836512,0.00324449595064,184.570587158,1.07873260975,0.711166262627,Rock
0,David Bowie,0.853407263756,0.0570153705776,0.00231366720982,139.677261353,1.11771678925,0.489679783583,Rock
0,David Bowie,0.871047735214,0.0762737393379,0.00286403368227,120.4998703,1.2150053978,0.464097976685,Rock
0,David Bowie,0.786460757256,0.072086378932,0.00269926968031,143.027587891,1.1043138504,0.556541621685,Rock
0,David Bowie,0.838972508907,0.0594490095973,0.00289995176718,91.8843536377,1.29867172241,0.648910403252,Rock
0,David Bowie,0.940815091133,0.0733333304524,0.00347826094367,129.588470459,1.26015925407,0.690125048161,Rock
0,David Bowie,0.928797245026,0.0313393846154,0.00111926381942,114.404747009,1.15219843388,0.717942416668,Rock
0,David Bowie,0.930612564087,0.0830733254552,0.00429017143324,139.273269653,1.5649433136,0.54964107275,Rock
0,David Bowie,0.670950293541,0.06939214468,0.00322754168883,102.04649353,1.08947741985,0.464140444994,Rock
0,David Bowie,0.882513105869,0.0682009905577,0.00204843957908,66.9721450806,1.0806735754,0.675807595253,Pop
0,David Bowie,0.902806520462,0.0973466858268,0.00316288881004,92.7492218018,1.12348711491,0.57338321209,Rock
0,David Bowie,0.889248788357,0.0581812746823,0.002393060131,147.741928101,1.04967951775,0.670615017414,Rock
0,David Bowie,0.794826447964,0.0473218932748,0.0020800831262,142.998046875,1.19784665108,0.60914939642,Rock
0,David Bowie,0.871924877167,0.0409862324595,0.00192122953013,122.503387451,1.19407081604,0.64026594162,Rock
0,David Bowie,0.901231467724,0.0535469092429,0.00320366141386,119.290336609,1.04453659058,0.537739753723,Rock
0,David Bowie,0.827220797539,0.0437710434198,0.00269360258244,118.207115173,1.08654856682,0.548149824142,Rock
0,David Bowie,0.972075998783,0.0358712859452,0.00228591519408,129.612625122,1.27448630333,0.640569031239,Rock
0,David Bowie,0.750291228294,0.0467734932899,0.00281507149339,120.102638245,1.06921255589,0.591581046581,Rock
0,David Bowie,0.821366012096,0.0686184838414,0.0045745652169,122.986427307,1.16472363472,0.530992150307,Rock
0,David Bowie,0.586428999901,0.0442748107016,0.00167938927189,136.431777954,0.9925365448,0.506022572517,Rock
0,David Bowie,0.89619153738,0.0831637531519,0.00162800168619,108.610839844,1.24828338623,0.513539433479,Rock
0,Korn,0.940074443817,0.114512853324,0.00321380235255,163.136016846,1.14350986481,0.548081338406,Metal
0,David Bowie,0.777710735798,0.0339714214206,0.00242653000169,103.664764404,1.22106719017,0.652990758419,Pop
0,The Beatles,0.877708673477,0.0685249716043,0.00406504049897,143.661315918,1.17297840118,0.597348868847,Pop
0,Korn,0.90805709362,0.0790985450149,0.00287229334936,106.370330811,0.940486252308,0.615986466408,Metal
0,Metallica,0.952087461948,0.0871938243508,0.00146432372276,90.320022583,1.45258128643,0.572314620018,Metal
0,Korn,0.904138088226,0.0880480930209,0.00229844404384,106.886245728,1.00935053825,0.484698235989,Metal
0,Korn,0.940233230591,0.096579156816,0.0028639617376,104.926368713,0.989173412323,0.53625524044,Metal
0,Korn,0.956924498081,0.0901734083891,0.00369942188263,102.92023468,1.05598211288,0.430162161589,Metal
0,Korn,0.927699565887,0.0785558745265,0.00217706826515,113.98248291,0.947976589203,0.526154458523,Metal
0,Korn,0.950839400291,0.0835723057389,0.00266284309328,94.0000305176,0.980687558651,0.549011528492,Metal
0,Korn,0.874404072762,0.0656998082995,0.0019220688846,92.884979248,1.00755870342,0.608838796616,Metal
0,Korn,0.958038985729,0.0955816060305,0.00315599632449,108.030067444,0.987944841385,0.493881165981,Metal
0,Korn,0.949655234814,0.0807154327631,0.00252235727385,93.7560119629,1.10185027122,0.591772317886,Metal
0,David Bowie,0.979908823967,0.0725056827068,0.00268539553508,142.006011963,1.6362991333,0.566338956356,Electronic
0,David Bowie,0.944730877876,0.0537383183837,0.00254885293543,161.829528809,1.27435815334,0.625580310822,Pop
0,David Bowie,0.932720184326,0.0621340870857,0.00245514628477,119.97807312,1.06325602531,0.624049067497,Pop
0,Metallica,0.967179536819,0.0889342278242,0.00168026878964,95.3316955566,1.54573380947,0.554827451706,Metal
0,Metallica,0.949386179447,0.099326595664,0.00202020211145,136.406478882,1.27021598816,0.339695781469,Metal
0,Metallica,0.948759913445,0.0763066634536,0.00191364670172,97.9010772705,1.20051574707,0.548840582371,Metal
0,Metallica,0.875431776047,0.0660013183951,0.00112983712461,128.67326355,1.26575314999,0.480832695961,Metal
0,Metallica,0.967893123627,0.113051071763,0.00185508513823,172.265151978,1.37433624268,0.457624346018,Metal
0,Metallica,0.951138317585,0.0868001431227,0.00155856611673,144.711730957,1.24168527126,0.42901802063,Metal
0,Metallica,0.947730064392,0.0833333358169,0.00151303538587,122.543670654,1.48200666904,0.543880581856,Metal
0,Metallica,0.951054394245,0.0852177813649,0.00111395784188,128.645675659,1.5242497921,0.446141988039,Metal
0,Metallica,0.938112854958,0.0986984819174,0.00257592182606,107.446594238,1.14197301865,0.275476723909,Metal
0,Depeche Mode,0.845694720745,0.0652968063951,0.00197869096883,151.801010132,1.00610435009,0.549357056618,Electronic
0,Depeche Mode,0.940893948078,0.0649601519108,0.00313933822326,79.9910202026,1.02620518208,0.514491736889,Electronic
0,Depeche Mode,0.922121226788,0.0464767627418,0.0016355458647,96.9988555908,1.15501213074,0.398702323437,Electronic
0,Depeche Mode,0.93910741806,0.0550545789301,0.00261034653522,120.004524231,1.08689463139,0.61991071701,Electronic
0,Depeche Mode,0.827203810215,0.0700389072299,0.00163833703846,91.4384536743,1.03991806507,0.615529239178,Electronic
0,Depeche Mode,0.889930605888,0.0252127833664,0.00144531880505,97.8684997559,1.35118448734,0.589706659317,Electronic
0,The Beatles,0.962334573269,0.0698547810316,0.00325488229282,117.882293701,1.13355600834,0.652979791164,Rock
0,David Bowie,0.844592928886,0.0738562121987,0.00130718958098,135.81010437,1.21019089222,0.573014259338,Pop
0,Hans Zimmer,0.565263688564,0.0418885350227,0.00248491298407,104.058135986,1.13902294636,0.661210238934,Classical
0,The Beatles,0.943955004215,0.0662756562233,0.00821114331484,118.571136475,1.2096580267,0.66175621748,Rock
0,Depeche Mode,0.680357217789,0.0409178882837,0.00359413889237,108.846252441,1.06495428085,0.664594352245,Electronic
0,Korn,0.945739626884,0.0872727259994,0.00415584398434,95.0023269653,1.10537910461,0.60498046875,Metal
0,Korn,0.941262662411,0.0760540664196,0.00342949363403,105.64012146,1.23581421375,0.492291718721,Metal
0,Korn,0.9407979846,0.0846658796072,0.00269314926118,122.016090393,1.21950829029,0.455092251301,Metal
0,Korn,0.931235492229,0.0914902985096,0.0041887126863,97.0640792847,1.05070757866,0.513464093208,Metal
0,Korn,0.837048888206,0.0478668063879,0.00468262238428,124.999481201,1.01247155666,0.532512962818,Metal
0,Korn,0.941260397434,0.0696219727397,0.00217568664812,119.988090515,1.21234595776,0.63005053997,Metal
0,Korn,0.915622353554,0.0704761892557,0.00232804240659,104.941078186,0.995123565197,0.615580439568,Metal
0,Korn,0.93948328495,0.108841314912,0.00277823163196,93.9766159058,1.16580379009,0.688778758049,Metal
0,Hans Zimmer,0.00404356839135,0.02981159091,0.00190794176888,95.8229370117,0.809463143349,0.532109677792,Classical
